[
{"nome": "Celular Samsung Galaxy M35 5g , Câmera Tripla Até 50mp, Selfie 50mp, Tela Super Amoled + 6.6 120hz, 256gb, 8gb Ram - Azul Claro"},
{"nome": "Apple iPhone 14 (128 GB) - Roxo - Distribuidor Autorizado"},
{"nome": "Smartphone Motorola Moto g24 Power - 128GB 8GB Ram Boost Camera 50MP com Moto AI 6000 mAh - Azul Celeste"},
{"nome": "Samsung Galaxy S23 256 GB 5G Preto 8 GB RAM "},
{"nome": "Samsung Galaxy S23 Ultra 5G 256 GB preto 12 GB RAM"},
{"nome": "Samsung Galaxy A15 Dual SIM 5G 256GB Azul-escuro 8GB RAM "},
{"nome": "Smartphone Motorola Moto g34 5G 256GB 16GB Ram Boost Camera 50MP com Moto AI NFC - Vanilla"},
{"nome": "Motorola Moto G34 5G 256 GB Verde 8 GB RAM"},
{"nome": "Apple iPhone 14 (128 GB) - Azul - Distribuidor Autorizado"},
{"nome": "Samsung Galaxy A25 5g Dual SIM 256GB Verde claro 8GB RAM "},
{"nome": "Motorola Moto G24 Power Dual SIM 128GB Azul 4GB RAM"},
{"nome": "Apple iPhone 15 (128 GB) - Amarelo - Distribuidor Autorizado"},
{"nome": "Samsung Galaxy A15 5G Tela de 6.5\" 90Hz 256GB Dual Chip Azul Claro"},
{"nome": "Samsung Galaxy S23 Ultra (eSIM) 5G Dual SIM 256 GB creme 12 GB RAM"},
{"nome": "Samsung Galaxy A35 5G 5G Dual SIM 128 GB azul-escuro 6 GB RAM"},
{"nome": "Fonte Usb C 20w Turbo Cabo Original Para iPhone 7 8 11 12 13"},
{"nome": "Samsung Galaxy S23 FE 5G Dual SIM 256 GB creme 8 GB RAM"},
{"nome": "Apple iPhone 13 (128 GB) - (PRODUCT)RED - Distribuidor Autorizado"},
{"nome": "Samsung Galaxy A54 5g 6,4'' 128gb 8gb Ram Preto"},
{"nome": "Telefone Sem Fio Intelbras TS 7510 Vermelho"},
{"nome": "Cartão Micro Sd 128gb Intelbras 64tbw P/ Segurança Eletrônic"},
{"nome": "Cartão Micro Sd 64gb 32tbw"},
{"nome": "Pocophone X6 Pro 512gb 12 Ram Nfc Capa Lacrado + 2 Brindes"},
{"nome": "Fone De Ouvido Bluetooth Sem Fio Par Tws Pro Microfone Duplo"},
{"nome": "Samsung Galaxy A35 5G Dual SIM 128 GB Rosa 6 GB RAM"},
{"nome": "Celular Samsung Galaxy M15 5g, 6.000mah, Câmera Tripla Até 50mp, 128gb - Cinza"},
{"nome": "Samsung Galaxy S23 FE 5G Dual SIM 256 GB Grafite 8 GB RAM"},
{"nome": "Samsung Galaxy A15 5G 5G 128 GB azul-escuro 4 GB RAM"},
{"nome": "Celular Samsung Galaxy M15 5g, 6.000mah, Câmera Tripla Até 50mp, 128gb - Azul Claro"},
{"nome": "Realme 12 Pro Plus Dual SIM 512 GB Azul 12 GB RAM"},
{"nome": "Fone de ouvido QCY True Wireless Earbuds QCY HT05 MeloBuds BH21HT05A branco"},
{"nome": "Capa Case De Textura Laser Com Proteção Câmera Para iPhone"},
{"nome": "Fone Qcy Ht05 Melobuds Bluetooth 5.2 Com Cancelamento Anc Cor Preto"},
{"nome": "Apple iPhone 14 (256 Gb) - Meia Noite - Distribuidor Autorizado - Distribuidor Autorizado"},
{"nome": "Samsung Galaxy S23 FE (Exynos) 5G Dual SIM 256 GB verde 8 GB RAM"},
{"nome": "Kit 3 Cartão Memoria 64gb Sandisk Original P Câmera Ip Wifi"},
{"nome": "Carregador Rápido Portátil Power Bank Baseus 20000 Mah 15w Cor Preto"},
{"nome": "Carregador De Parede Turbo 20w Tipo-c Baseus + Cabo iPhone"},
{"nome": "Smartwatch Relógio Inteligente Haiz My Watch I Fit Cor da caixa Preto"},
{"nome": "Apple iPhone 15 Pro Max (512 GB) - Titânio Preto - Distribuidor Autorizado"},
{"nome": " Moto G54 Dual SIM 256 GB grafite 8 GB RAM"},
{"nome": "Fone De Ouvido Sem Fio Baseus Tws Bowie Ma10 Anc Hibrido Cor Preto"},
{"nome": "Samsung Galaxy A15 5G Tela de 6.5\" 90Hz 128GB Dual Chip Verde Claro"},
{"nome": "Kit 2 Radio Walk Talk Comunicador 16 Ch 12km Baofeng 777s Ht"},
{"nome": "Samsung Galaxy A05 Dual SIM 128 GB verde 4 GB RAM"},
{"nome": "Baseus Super Si com Cabo P/ iPhone Tipo-C (USB-C) Branco"},
{"nome": "Carregador Para iPhone Turbo Original Tipo C Apple 11 12 13"},
{"nome": "Relógio Smartwatch Ultra 9 Plus Pro Max 49mm Lançamento 2024"},
{"nome": "Relógio Smartwatch Oled Pro Homens E Mulheres Ios E Android"},
{"nome": "Motorola Moto G34 5G Dual SIM 128gb Azul 4gb RAM"},
{"nome": "Capa Case Capinha Anti Impacto Magsafe P/ iPhone 11 Ao 14"},
{"nome": " iPhone 15 Pro Max Dual SIM 512 GB titânio branco - Distribuidor Autorizado"},
{"nome": "Motorola Edge 40 Neo 5G Dual SIM 256 GB Peach Fuzz 8 GB RAM"},
{"nome": "Blackview Smartwatch Relógio Inteligente Militar Bvw60 De 2,1'' Relógio Inteligente Militar Lanterna Bluetooth 5 Atm À Prova D'água"},
{"nome": "Motorola Moto G84 5G 256GB Grafite 8GB RAM"},
{"nome": "Cabo Turbo Xiaomi Original Tipo C 5a 33w Usb Redmi Poco X3"},
{"nome": "Motorola Moto G04S 128GB Coral 4GB RAM"},
{"nome": "Motorola Moto G54 5G 256 GB  verde 8 GB RAM"},
{"nome": "Samsung Galaxy S23 256 GB 5G Preto 8 GB RAM "},
{"nome": "Samsung Galaxy A15 4G Dual SIM 128 GB Azul escuro 4 GB RAM"},
{"nome": "Samsung Galaxy A15 4G Dual SIM 128 GB Azul claro 4 GB RAM"},
{"nome": "Samsung Galaxy A05 Dual SIM 128 GB verde 4 GB RAM"},
{"nome": "Motorola Edge Edge 40 Dual SIM 256 GB viva magenta 8 GB RAM"},
{"nome": "Motorola Moto G34 5G Dual SIM 128gb Azul 4gb RAM"},
{"nome": "Motorola Moto G54 5G 256 GB Verde 8GB RAM"},
{"nome": "Motorola Moto G24 128GB Grafite 4GB RAM"},
{"nome": "Apple iPhone 14 Plus (128 GB) - Meia-noite - Distribuidor autorizado"},
{"nome": "Samsung Galaxy A15 Dual SIM 4G 256GB Azul claro 8GB RAM "},
{"nome": "Samsung Galaxy A15 Dual SIM 4G 256GB Azul escuro 8GB RAM"},
{"nome": "Samsung Galaxy S23 Ultra 5G 256 GB preto 12 GB RAM"},
{"nome": "Samsung Galaxy M34 5G 128GB 6GB RAM Mega Bateria 6000mAh Câmera Tripla 50MP+8+2 OctaCore 6.5\" 120Hz - Azul Marinho"},
{"nome": "Samsung Galaxy A15 Dual SIM 5G 256GB Azul-escuro 8GB RAM "},
{"nome": "Motorola Moto G24 128GB Rosa 4GB RAM"},
{"nome": "Samsung Galaxy A15 5G Tela de 6.5\" 90Hz 256GB Dual Chip Azul Claro"},
{"nome": "Motorola Moto G84 5G Dual SIM 256 GB Viva Magenta 8 GB RAM"},
{"nome": "Samsung Galaxy A25 5G Dual SIM 256GB Azul-escuro 8GB RAM"},
{"nome": "Motorola Edge 40 Neo 5G Dual SIM 256 GB preto 8 GB RAM"},
{"nome": "Carregador Fonte Apple 20w iPhone X 11 12 13 14"},
{"nome": "Fone Bluetooth 3°geração Compatível iPhone XR 11 12 13 14 15"},
{"nome": "Samsung Galaxy A05 Dual SIM 128 GB verde 4 GB RAM"},
{"nome": "Motorola Moto G84 5G Dual SIM 256 GB Viva Magenta 8 GB RAM"},
{"nome": "Relógio Smartwatch Oled Pro Homens E Mulheres Ios E Android"},
{"nome": "Kit 50x Fone De Ouvido Celular Inova Original Atacado Barato"},
{"nome": "Relógio Smartwatch Amazfit Active Tela 1.75 C/alexa Gps"},
{"nome": "Bumper Capa Proteção Para Apple Watch Série 1/2/3/4/5/6/se/7"},
{"nome": "Carregador De Parede Baseus Usb + Tipo C - Qc 3.0 - Pd 20w"},
{"nome": "Bat_ria Xiaomi (bn46) Para Redmi Note 8, Note 8t"},
{"nome": "Celular Samsung Galaxy A25 5g, Câmera Tripla Traseira De Até 50mp, Selfie De 13mp, Tela Infinita Super Amoled De 6.5  120 Hz, 128gb, 6gb, Processador Octa-core, Dual Chip - Azul Escuro"},
{"nome": "Smartwatch Haylou Solar Plus Rt3 Ls16 Original Versão Global"},
{"nome": "Motorola Moto G54 5G 128GB Grafite 4GB RAM"},
{"nome": "Suporte Alumínio Celular iPhone Motos Bicicleta Bmw Triumph"},
{"nome": "Smartphone Infinix Hot 40i 8gb 256gb, 50mp, Nfc, 6,6 90hz"},
{"nome": "Smartphone Infinix Hot 40i 8gb 256gb, 50mp, Nfc, 6,6 90hz"},
{"nome": "Smartphone Infinix Hot 40i 8gb 256gb, 50mp, Nfc, 6,6 90hz"},
{"nome": "Smartwatch Haiz My Watch Sport Relógio Inteligente 52mm"},
{"nome": "Smartwatch Relógio Inteligente Haiz My Watch I Pro"},
{"nome": "Relógio Smartwatch My Watch C Pro Haiz C/ Ligações Tela 1.28"},
{"nome": "Smartwatch Relógio Inteligente Monitor Cardíaco Multi P9202"},
{"nome": "Samsung Galaxy Watch6 Lte 44mm Tela Super Amoled  De 1.47''"},
{"nome": "Access Point De Parede Omada Wireless Ac1200 Eap235-wall"},
{"nome": "Smartphone Infinix Hot 40i 8gb 256gb, 50mp, Nfc, 6,6 90hz"},
{"nome": "Samsung Galaxy A55 5G Dual SIM 256 GB Azul escuro 8 GB RAM"},
{"nome": "Samsung Galaxy A15 4G Dual SIM 128 GB verde claro 4 GB RAM"},
{"nome": "Motorola Moto G34 5G Dual Sim 128 GB Preto 4 GB RAM"},
{"nome": "Samsung Galaxy A55 5G Dual SIM 128 GB Azul-escuro 8 GB RAM"},
{"nome": "Samsung Galaxy S23 FE 5G Dual SIM 128 GB Grafite 8 GB RAM"},
{"nome": "Smartphone Samsung Galaxy M34 5g, 128gb, 6gb, Tela 6.5 Cor Azul"},
{"nome": "Celular Samsung Galaxy A55 5G Dual SIM 128GB Rosa 8GB RAM"},
{"nome": "Samsung Galaxy S23 Ultra (eSIM) 5G Dual SIM 256 GB creme 12 GB RAM"},
{"nome": "Samsung Galaxy A55 5G Dual SIM 256 GB Azul Claro 8 GB RAM"},
{"nome": "Motorola Moto G04S 128GB Cinza 4GB RAM"},
{"nome": "Samsung Galaxy A55 5G Dual SIM 256 GB 8 GB RAM cor Rosa"},
{"nome": "Motorola Moto G84 5G 256GB Azul Vegan Leather 8 GB RAM"},
{"nome": "Samsung Galaxy A15 4G Dual SIM 256GB Verde claro 8GB RAM "},
{"nome": "Samsung Galaxy A35 5G 5G Dual SIM 128 GB azul-escuro 6 GB RAM"},
{"nome": "Samsung Galaxy A54 5g 128gb 8gb Branco"},
{"nome": "Samsung Galaxy A24 128 GB preto 4 GB RAM"},
{"nome": "Apple iPhone 14 Plus (128 Gb) - Estelar - Distribuidor Autorizado - Distribuidor Autorizado"},
{"nome": "Samsung Galaxy A35 5G Dual SIM 256GB Azul Escuro 8 GB RAM"},
{"nome": "Motorola Moto G54 5G 128GB Grafite 4GB RAM"},
{"nome": "Apple iPhone 15 (128 GB) - Preto - Distribuidor Autorizado"},
{"nome": "Motorola Moto G54 5G 256 GB Azul 8 GB RAM"},
{"nome": "Celular Samsung Galaxy M35 5g , Câmera Tripla Até 50mp, Selfie 50mp, Tela Super Amoled + 6.6 120hz, 256gb, 8gb Ram - Azul Escuro"},
{"nome": "Samsung Galaxy A25 5G Dual SIM 256 GB azul 8 GB RAM"},
{"nome": "Motorola Moto G24 128GB Verde 4GB RAM"},
{"nome": "Carregador Original Samsung 25w Turbo S21 S22 S23 Plus Ultra"},
{"nome": "Relógio Inteligente Y1pro Esporte 1.85  A Prova De Água"},
{"nome": "Smartwatch Philco Psw02pm Hit Wear 45mm 1,2 Preto Bluetoo Cor da pulseira Marrom"},
{"nome": "Caneta S-pen Samsung Tab. S7 Fe T735b T730b Original"},
{"nome": "Carregador Moto G8 G9 G10 G20 G30 G50 Turbo Power Original "},
{"nome": "Relógio Smartwatch  W29 Pro Serie 9 C/case Película Pulseira"},
{"nome": "Shinecon G10 Virtual Reality 3d Vr Óculos Com Controle"},
{"nome": "Tela Touch Frontal Display Lcd iPhone XR 6.1 Original Wefix"},
{"nome": "Motorola Moto G34 5G 128GB Azul 4GB RAM  "},
{"nome": "Smartphone Motorola Moto G04 128gb 8gb Ram Boost Camera 16mp Com Moto Ai Sensor Fps Lateral - Grafite"},
{"nome": "Celular Samsung Galaxy M35 5g , Câmera Tripla Até 50mp, Selfie 50mp, Tela Super Amoled + 6.6 120hz, 256gb, 8gb Ram - Cinza"},
{"nome": "Celular Samsung Galaxy M35 5g , Câmera Tripla Até 50mp, Selfie 50mp, Tela Super Amoled + 6.6 120hz, 256gb, 8gb Ram - Azul Claro"},
{"nome": "Apple iPhone 14 (128 GB) - Roxo - Distribuidor Autorizado"},
{"nome": "Smartphone Motorola Moto g24 Power - 128GB 8GB Ram Boost Camera 50MP com Moto AI 6000 mAh - Azul Celeste"},
{"nome": "Kit 6 Radio Comunicador Walkie Talki 12km 16 Ch Baofeng 777s"},
{"nome": "Relógio Smartband Amazfit Band 7 Versão Global 1,47 Original"},
{"nome": "Relógio Inteligente Smartwatch Amazfit Pop 3s Original 1,96"},
{"nome": "Carregador Para iPhone Turbo Original Tipo C Apple 11 12 13"},
{"nome": "Fonte Usb C 20w Turbo Cabo Original Para iPhone 7 8 11 12 13"},
{"nome": "Rádio Qyt 8900 Uhf Vhf Dual Band 200 Canais."},
{"nome": "Baseus Cabo Usb-c P/ Lightning Fast Charging 20w 2m iPhone Cor Preto"},
{"nome": "Baseus Carregador De Parede Turbo 20w Tipo-c + Cabo iPhone"},
{"nome": "Cartão De Memória Sandisk Ultra Micro Sd 32gb Original C/nfe"},
{"nome": "Nokia 105 (2019) Dual SIM 4 MB preto 4 MB RAM"},
{"nome": "Fone De Ouvido Gamer Bluetooth 5.3 Sem Fio Tws Microfone"},
{"nome": "Kit 4 Cartão De Memoria Micro Sd 64gb Sandisk Para Camêra Ip"},
{"nome": "Samsung Galaxy A05 Dual SIM 128 GB verde 4 GB RAM"},
{"nome": "Motorola Moto G84 5G Dual SIM 256 GB Viva Magenta 8 GB RAM"},
{"nome": "iPhone 11 Pro Max 256 Gb Original Promoção "},
{"nome": "Apple iPhone SE (2a Geração) 64 Gb Branco - Excelente"},
{"nome": "Multilaser E Pro Dual SIM 32 GB dourado 1 GB RAM"},
{"nome": "Suporte Alumínio Celular iPhone Motos Bicicleta Bmw Triumph"},
{"nome": "Relógio Smartwatch W29 Pro Original Serie 9 Android Ios Nfc "},
{"nome": "Cartão De Memória 256gb Sandisk Ultra  Micro Sd  Original "},
{"nome": "Smartphone Infinix Smart 8 Pro 4gb Ram 256gb Armazenamento Câmera Dupla 50mp Ring Flashlight + Selfie  8mp Bateria 5000mah Tela Magic Ring 6,6  Hd+ 90hz Dual Chip - Dourado "},
{"nome": "Carregador Rápido Usb-c Baseus Qc Pd 3.0 25w + Cabo Usb-c 1m"},
{"nome": "Capa Capinha Compatível iPhone 11 Ao 14 Pro Max (selecione)"},
{"nome": "Fone De Ouvido Bluetooth Nothing Ear (3) 2024 Lançamento"},
{"nome": "Motorola Edge 40 Neo 5G Dual SIM 256 GB Peach Fuzz 8 GB RAM"},
{"nome": "Relógio Smartwatch W69 Ultra Series 9 Android Ios  + Brinde"},
{"nome": " Mini Fone Bluetooth Sem Fio Tws Original Promoção Microfone"},
{"nome": "Carregador Samsung Original Compatível Galaxy A02s A03s A32"},
{"nome": "Carregador Rápido Automotivo Premium Dual Usb + 1 Cabo Turbo"},
{"nome": "Cabo Carregador Android Tipo C Rápido Turbo Reforçado 2m"},
{"nome": "Fone De Ouvido Bluetooth Lenovo Xt80 Esportes Corrida Tws"},
{"nome": "Realme C53 Dual Sim 128gb 6gb Ram Dourado E Preto + Nfc"},
{"nome": "Fone De Ouvido Bluetooth 5.3 Lenovo Xt80 Trinkplus Preto"},
{"nome": "Smartwatch Haylou Solar Plus Rt3 Ls16 Original Versão Global"},
{"nome": "Carregador De Parede Baseus Usb-a + Usb-c Qc 3.0 Pd 20w Cor Branco"},
{"nome": "Smartphone Moto G10 64gb 4gb Ram 6.5'' Cinza Aurora Motorola"},
{"nome": "Relógio Smartwatch X Mini Serie 10 38mm Amoled 3 Pulseiras"},
{"nome": "Suporte Celular Moto Aluminio Articulado Prova 360º Guidão "},
{"nome": "Xiaomi Redmi 13C Dual SIM 256 GB Midnight Black 8GB RAM"},
{"nome": "Smartwatch Series 10 Ultra W69+ Plus Nfc 2g Gps Wifi Amoled"},
{"nome": "Capa Capinha P/ iPhone 11 Ao 15 Com Luxo Logotipo Diamante"},
{"nome": "Smartwatch W59 Pro Mini 41mm Series 9 Preto + Brindes"},
{"nome": "Cabo Rápido Usb Para Tipo- C Baseus Cafule Nylon 3a 1 Metro Cor Preto"},
{"nome": "Fone Qcy T29 Bluetooth 5.3 Ipx4 Cancelamento Enc"},
{"nome": "Cartão Memória Micro Sd 256gb 100mb/s Intelbras Wdpurple C10"},
{"nome": "Capa Capinha + Película Privacidade P/ iPhone 11 12 13 14"},
{"nome": "Smartphone Multi E Pro 4g 32gb 1gb Ram Dual Chip Preto P9150"},
{"nome": "Smartwatch W99+ 45mm Amoled Nfc Chatgpt Original + 2 Brindes"},
{"nome": "Blackview Smartwatch Relógio Inteligente Militar Bvw60 De 2,1'' Relógio Inteligente Militar Lanterna Bluetooth 5 Atm À Prova D'água"},
{"nome": "Cabo Rápido Usb Para Tipo- C Baseus Cafule Nylon 2a 2 Metros Cor Preto"},
{"nome": "Samsung Galaxy S23 256 GB 5G Preto 8 GB RAM "},
{"nome": "Samsung Galaxy S23 Ultra 5G 256 GB preto 12 GB RAM"},
{"nome": "Samsung Galaxy A15 Dual SIM 5G 256GB Azul-escuro 8GB RAM "},
{"nome": "Smartwatch Samsung Galaxy Fit3 Bluetooth Rosê"},
{"nome": "Tim Chip"},
{"nome": "Relógio Smartwatch W29 Pro Series 9 2024 Original + Brinde"},
{"nome": "Fone Qcy Ht07 Arcbuds Bluetooth 5.2 Cancelamento De Ruídos Cor Preto"},
{"nome": "Fone De Ouvido Sem Fio Bluetooth Original Barato Prova Dágua"},
{"nome": "Capa Capinha Para Samsung De Armadura Com Anti Impacto Case"},
{"nome": "Samsung Galaxy A15 5G Tela de 6.5\" 90Hz 256GB Dual Chip Azul Claro"},
{"nome": "Samsung Galaxy S23 Ultra (eSIM) 5G Dual SIM 256 GB creme 12 GB RAM"},
{"nome": "Samsung Galaxy A54 5g 128gb 8gb Branco"},
{"nome": "Apple iPhone 14 Plus (128 Gb) - Amarelo - Distribuidor Autorizado"},
{"nome": "Apple iPhone 15 (256 GB) - Azul - Distribuidor Autorizado"},
{"nome": "Controle Game Pad Joystick Bluetooth Celular Android Jogos"},
{"nome": "Fone De Ouvido Bluetooth Lenovo Xt-80 Original Esporte -tws "},
{"nome": "Relógio Smartwatch W69 Ultra Series 9 Android Ios Amoled Nfc"},
{"nome": "Lenovo GM2 Pro De Ouvido Gamer Music Bluetooth 5.3 Preto"},
{"nome": "Capa Capinha Para iPhone Logo Com Luxo Vidro Premium Case"},
{"nome": "Smartphone Infinix Smart 8 Dual Sim 128gb 4gb Ram"},
{"nome": "Chave De Precisão Elétrica Manutenção Celular Notebook E Pc"},
{"nome": " Moto G10 Dual SIM 64 GB aurora grey 4 GB RAM XT2127-1"},
{"nome": "Capa Prova Dagua P/ iPhone 15/15 Pro Max Plus Proteção Total"},
{"nome": "Fone De Ouvido In-ear Sem Fio Baseus W04 Preto"},
{"nome": "Fone Headset Bluetooth M5 Pro Home Com Base Para Carregar"},
{"nome": "Fone De Ouvido Com Microfone Extra Bass Somic Tone Cor Prata"},
{"nome": "Cabo Turbo Xiaomi Original Tipo C 5a 33w Usb Redmi Poco X3"},
{"nome": "Smartwatch Samsung Galaxy Fit3, Tela AMOLED 1.6\", Pulseira Esportiva Prata, Resistente à Água, Monitor Cardíaco"},
{"nome": "Infinix Hot 40 Pro Dual SIM 256 GB verde 8 GB RAM"},
{"nome": "Relógio Smartwatch U9 Ultra Series 9 Lançamento + Pulseiras"},
{"nome": "Fone Bluetooth 3°geração Compatível iPhone XR 11 12 13 14 15"},
{"nome": "Motorola Moto G84 5G 256 GB Viva Magenta 8 GB RAM "},
{"nome": "Case Capinha Magsafe Fosca P/ iPhone 11 12 13 14 Pro Max"},
{"nome": "Celular Samsung Galaxy S24, Galaxy Ai, Câmera Tripla Traseira De Até 50mp, Selfie De 12mp, Tela De 6.2  1-120hz, 128gb, 8gb De Ram, Esim Preto"},
{"nome": "Relógio Inteligente Smartwatch Amazfit Pop 3s Original 1,96"},
{"nome": "Capa Capinha Case Aveludada + Película Para Galaxy A15 4g/5g"},
{"nome": "Apple iPhone 14 (512 GB) - Branco estrelado"},
{"nome": "Cartão De Memória Sandisk Ultra 100mb/s 64gb P/câmeras Wi-fi"},
{"nome": "Smartphone Infinix Smart 8 Pro 4gb Ram 256gb Dual Chip Preto"},
{"nome": "Apple iPhone 14 Plus (256 Gb) - Amarelo - Distribuidor Autorizado"},
{"nome": "Capa Case Transparente Samsung Magsafe Com Proteção Câmera"},
{"nome": "Pocophone Poco X6 Pro 5g 512gb 12ram Capa, + 2 Brindes"},
{"nome": "Celular Positivo P28 24 MB / 32MB RAM - Preto "},
{"nome": "Carregador Turbo  20w Para iPhone 8 X Xr 11 12 13 14 "},
{"nome": "Celular Xiaomi Redmi 12 8/256gb Prata Câmera Tripla + Brinde"},
{"nome": "Motorola Edge Edge 40 Dual SIM 256 GB viva magenta 8 GB RAM"},
{"nome": "Samsung Galaxy A71 5G 5G 128 GB prism cube black 6 GB RAM"},
{"nome": "Smartwatch Redmi Watch 4 Modelo M2315w1 Obsidian Black 1.97 Caixa Preto Pulseira Preto Bisel Cinza-escuro"},
{"nome": "Cubot King Kong Power Dual SIM 256 GB black 8 GB RAM"},
{"nome": "Motorola Moto G54 5G 256 GB Azul 8 GB RAM"},
{"nome": "Kit 4 Cartão De Memoria Micro Sd 64gb Sandisk Para Camêra Ip"},
{"nome": "Cartão Memória Micro Sd Sandisk 128gb Classe10ultra Original"},
{"nome": "Smartwatch W59 Mini Pro Original 41mm Gps Nfc Lançamento "},
{"nome": "Relógio Smartwatch Amazfit Bip 5 Global Tela 1.91 Amoled Gps"},
{"nome": "Apple iPhone 14 (512 Gb) - Azul"},
{"nome": "Cartão De Memória 32gb Micro Sd Wd Purple 16tbw - Intelbras"},
{"nome": "Tela Touch Frontal Display Lcd iPhone XR 6.1 Original Wefix"}
]