[
{"nome": "Micro-ondas Consul 20 Litros Cor Inox Espelhado Com Função D 110V"},
{"nome": "Micro-ondas Philco 20l Branco 1100w Pmo23bb Limpa Fácil 220v"},
{"nome": "Fritadeira Elétrica Mondial  AFO-12L-BI Forno Oven 12L Cor Preto/Inox 110V"},
{"nome": "Electrolux Powerspeed STK15 aspirador de pó vertical com fio 1450w 2 em 1 ultra filtro hepa cor cinza 127v"},
{"nome": "Fritadeira Air Fryer Pfr15pg Gourmet 4,4l Black Philco 127v"},
{"nome": "Cooktop Itatiaia 5 Bocas Essencial Preto - Bivolt 110V/220V"},
{"nome": "Fritadeira Elétrica Air Fryer Elgin Start Fry 3,5l 220v Cor Preto"},
{"nome": "Electrolux EAF20 Grafite"},
{"nome": "Gaabor  Air fryer GA-E45A0 de 4L cor branco 220V"},
{"nome": "Electrolux Micro-ondas  MTO30 Branco"},
{"nome": "Cooktop 5 Bocas Itatiaia Essencial Preto Bivolt 127V/220V"},
{"nome": "Máquina de Lavar 14kg Electrolux Essential Care Cesto Inox 127v"},
{"nome": "Philco  PMO23EB Branco 220V"},
{"nome": "Geladeira Consul CRD37 branca com freezer 334L 127V"},
{"nome": "Fritadeira Sem Óleo Air Fryer Afn-40-bft 4l Preto 1500w Mondial 110v"},
{"nome": " Electrolux Me36b Efficient 36 Litros Branco 220V"},
{"nome": "Máquina de Lavar Roupas Electrolux 8,5kg Branca Essential Care LES09 com Diluição Inteligente e Filtro Fiapos 110V"},
{"nome": "Micro-ondas Electrolux 20 Litros Função Tira Odor Branco Mto 220V"},
{"nome": "Panela De Pressão Philco Ppp02pi Inox Multifuncional 5l Cor Preto 127V"},
{"nome": "Máquina De Lavar Bwf15ab 15kg Tira Manchas Branca Brastemp Cor Branco 110V"},
{"nome": "Micro-ondas Me36b Efficient 36 Litros Branco Electrolux 110V"},
{"nome": "Forno Elétrico De Bancada Bfe41p 1500w 36l Preto Britânia 220V"},
{"nome": "Micro-ondas NN-ST25LWRU 700w Branco Panasonic 127V"},
{"nome": "Bebedouro Bbe12p Aquaplus Para 10l Ou 20l Britânia 127v/220v Cor Preto 110V/220V"},
{"nome": "Aspirador De Pó Stk15 Vertical Com Fio 2 Em 1 Powerspeed Ultra Filtro Hepa 1450w Cinza Electrolux 220v"},
{"nome": "Forno Elétrico Philco Pfe44p Dupla Resistência 44l Cor Preto 110V"},
{"nome": "Micro-ondas Com Menu Fácil 32 Litros Cms46ar Cinza Consul 110V"},
{"nome": "Máquina De Lavar Ciclo Edredom Cwh12bb 12kg Branco Consul 110V"},
{"nome": "Fritadeira Air Fryer Eaf15 Elétrica 3,2l Preto Electrolux 110V"},
{"nome": "Electrolux PowerSpeed STK12 aspirador de pó vertical com fio 1100W cor preto 110V"},
{"nome": "Fritadeira Elétrica AF-30-I Air Fryer Sem Óleo 3,5L Cor Preto e Inox Mondial 127V"},
{"nome": "Máquina de Lavar 12kg Electrolux Turbo Economia, Silenciosa com Cesto Inox e Jet&Clean LAC12 127v"},
{"nome": "Fritadeira Air Fryer Mondial New Pratic Af-31 220v"},
{"nome": "Forno Elétrico De Bancada Bfe41p 1500w 36l Preto Britânia 110V"},
{"nome": "Micro-ondas Efficient 23 Litros Me23b Branco Electrolux 110v"},
{"nome": "Geladeira RE31 Cycle Defrost 240L Degelo Prático Uma Porta Com Branco Electrolux 127V"},
{"nome": "Forno Elétrico Philco Pfe52p Preto 50L"},
{"nome": "Geladeira Brastemp Frost Free Duplex 375 Litros Cor Branca - Cor Branco 110V"},
{"nome": "Aparador De Pelos Super Groom 10 Bg-03 Mondial"},
{"nome": "Aspirador pó e água electrolux 1400w 18L smart com função sopro cinza A10N1"},
{"nome": "Panela De Arroz Britânia Pa5 Prime Preta 127V"},
{"nome": "Micro-ondas Philco 20 L Pmo23bb Multifunções Branco 110v"},
{"nome": "Panela De Pressão Ppp01p Philco 110v"},
{"nome": "Frigobar Compacto Branco Porta Reversível PFG50B 45L Philco 127V"},
{"nome": "Fritadeira Air Fryer Bfr25p 3,5 Litros Preto Britânia 110v"},
{"nome": "Frigobar Efficient Em50 47l Branco Electrolux 127v"},
{"nome": "Escova Secadora Bec07r Soft 4 Em 1 1300w Britânia Bivolt"},
{"nome": "Refrigerador Electrolux Cycle Defrost DC35A Cor Branco 110V"},
{"nome": "Liquidificador Philco Ph900 Preto 1200w 127V"},
{"nome": "Batedeira Planetária 700w 12 Velocidades Bp-03 Mondial Cor Preto Frequência 60 110V"},
{"nome": "Máquina De Lavar Bwk13ab 13kg Branca Brastemp Cor Branco 110V"},
{"nome": "Cooktop 4 Bocas Atlas Preto Com Mesa De Vidro U Top Bivolt 110V/220V"},
{"nome": "Panela De Pressão Ppp01p Philco 220v"},
{"nome": "Máquina de Lavar Roupas Electrolux 8,5kg Branca Essential Care LES09 com Diluição Inteligente e Filtro Fiapos 220V"},
{"nome": "Máquina De Lavar 16kg Tira Manchas Bwk16ab Branca Brastemp Cor Branco 220V"},
{"nome": "Desumidificador Ar Ambiente Elétrico Anti Mofo Relaxmedic"},
{"nome": "Fritadeira Airfryer Digital Philips Walita 4,1l Ri925 110v Cor Preto"},
{"nome": "Liquidificador Daily 2 Litros Ri2110 Philips Walita 110v"},
{"nome": "Fritadeira Elétrica Airfryer Family Eaf50 5l Electrolux 220v Cor Grafite"},
{"nome": "Ventilador de teto Ventex Valen LED preto com 3 pás de  mdf, 1.1 m de diâmetro 127 V"},
{"nome": "Fritadeira Air Fryer 1500w Bfr21p Preta E Inox Britânia 220v Cor Preto"},
{"nome": "Aquecedor Paq2000b Philco 220v Cor Branco"},
{"nome": "Multiprocessador Pmp1500p Turbo 5 Em 1 900w Preto Philco 110V"},
{"nome": "Escova Secadora Britânia Soft Bes13vd 4 Em 1 1300w Verde 110V/220V"},
{"nome": "Prancha Profissional Lizze Extreme Chapinha 480º+kit Limpeza"},
{"nome": "Fritadeira Airfryer Digital Philips Walita 4,1l Ri925 220v Cor Preto"},
{"nome": "Fritadeira Elétrica Sem Óleo Forno AIR FRYER 12L 1800W WAP AIRFRY OVEN DIGITAL com Cesto 4,5L e 2 Grelhas com Duplo Revestimento Antiaderente GrayStone, Bandeja e Porta Removível, Inox, 12 Litros 220V"},
{"nome": "Secador Taiff Titanium Colors Laranja Superpotente 2100w Cor Preto 110V"},
{"nome": "Desumidificador elétrico Komeco KDP 250 branco 100V/240V"},
{"nome": "Passadeira A Vapor Vip Care Vp-07 2l 1800w Branco e Azul Mondial 110V"},
{"nome": "Cafeteira Philips Walita Ri7461 Preta 1,2 Litros 110/127v Cor Preto 110V"},
{"nome": "Aquecedor Elétrico Portátil Paq2000b Esquenta 2 Em 1 Philco Cor Branco 110V"},
{"nome": "Secador de Cabelo SP3100 2000W Britânia 220v"},
{"nome": "Fritadeira Elétrica Sem Óleo Elgin 12 Litros 4 Em 1 Forno"},
{"nome": "Chapinha de cabelo Lizze Profissional Extreme cinza 220V"},
{"nome": "Mixer Philco Pmxe01 Inox Com Copo 750w Cor Preto 127V"},
{"nome": "Cooktop 5 Bocas Cdd75ae Quadrichama Preto Consul Bivolt"},
{"nome": "Fogão  de chão Brastemp  BFO4EBB a gás/elétrico 4 queimadores  branco 127V/220V porta com visor 61.5L"},
{"nome": "Panela De Arroz  Philco Ph10v 10 chávenas Visor Glass Vermelha Inox 220v"},
{"nome": "Aquecedor Britânia Ab 1200w Lâmpadas De Halogênio -220v Cor Branco 220V"},
{"nome": "Grade Trempe Ferro Fundido Simples Fogão Consul Brastemp "},
{"nome": "Balança Bioimpedância Corporal Digital Bodyscan - Relaxmedic Cor Preto"},
{"nome": "Fritadeira Air Fry Oven Bfr2100p 12 Litros 1800w Britânia Cor Preto 220V"},
{"nome": "Panificadora Automática Master Bread Npf-54 700w Mondial Cor Branco 110V"},
{"nome": "Frigobar Electrolux 122l Com Controle De Temperatura (em120) Cor Branco 220v"},
{"nome": "Escova Secadora Es14BI Black Rose Argan Potência de 1200W Mondial 127V 220V"},
{"nome": "Forno de bancada elétrico Layr Crystal Advanced Crystal 46L aço inoxidável 127V"},
{"nome": "Chapinha de cabelo GA.MA Italy Eleganza Plus APP2205 preta 110V/220V"},
{"nome": "Chapinha de cabelo Taiff Style preta 110V/220V"},
{"nome": " Member's Mark Fonte Cascata de Chocolate fondue de chocolate  Fonte de chocolate 4 pisos  Inox"},
{"nome": "Fritadeira Air Fryer 5,5 Litros Bfr50 Redstone Britânia 110v Cor Preto"},
{"nome": "Máquina De Lavar 15kg Ciclo Edredom Cwh15ab Branca Consul Cor Branco 220V"},
{"nome": " Wap Cozinha lazer  WAP AIR FRYER OVEN DIGITAL 12L  FW009547  Inox e Preto 127V"},
{"nome": "Relaxmedic RM-BD0015A 180kg branco 31x31cm"},
{"nome": "Forno Elétrico De Bancada Nardelli 60litros Top60 Black 110v Cor Preto 127V"},
{"nome": "Escova Secadora Britânia Soft Bes13vd 4 Em 1 1300w Verde 110V/220V"},
{"nome": "Liquidificador Philco Ph900 Preto 1200w 127V"},
{"nome": "Máquina De Lavar 15kg Ciclo Edredom Cwh15ab Branca Consul Cor Branco 110V"},
{"nome": "Cafeteira Elétrica 1,2 Litros Ocaf650 Com Jarra Inox Oster Cor Preto 110V"},
{"nome": "Escova Rotativa Philco Pec03r Beauty Shine Single 1100w Cor Rosa 110V"},
{"nome": "Gaabor Air fryer GA-E45A0 de 4L cor cinza 127V"},
{"nome": "Cooktop de Indução 4 Bocas Preto com Trava de Segurança Dako Supreme 220V"},
{"nome": "Freezer Horizontal Cycle Defrost 143l He150 Electrolux 127v"},
{"nome": "Chapinha de cabelo Lizze Profissional Extreme cinza 220V"},
{"nome": "Electrolux EAF20 Grafite"},
{"nome": "Fritadeira Airfryer Digital Philips Walita 4,1l Ri925 110v Cor Preto"},
{"nome": "Fogão 4 Bocas Fe4ib Com Perfectcook e VaporBake Branco Electrolux 110V/220V"},
{"nome": "Fritadeira Elétrica Sem Óleo AIR FRYER 5.2L 1500W WAP GRAND FAMILY 2 em 1 Duplo Revestimento Antiaderente GrayStone, Cesto e Grelha Removíveis, Alça Removível, Fácil Limpeza, Cuba 5,2 Litros 220V"},
{"nome": "Pipoqueira Britânia Pop Time Cor Branco 127V"},
{"nome": "Máquina de Lavar 12kg Electrolux Turbo Economia, Silenciosa com Cesto Inox e Jet&Clean LAC12 220v"},
{"nome": "Nespresso Essenza Mini Vermelha, Cafeteira 220v D30 Cor Vermelho"},
{"nome": "Aquecedor Philco Paq1520p"},
{"nome": "Fogão Cooktop Fischer 5 Queimadores TC Infinity Gás Mesa Inox Bivolt"},
{"nome": "Passadeira a Vapor Portátil Pvp10vd Branco e Verde Philco Bivolt"},
{"nome": "Forno Elétrico De Embutir Pfe55e 55 Litros 1600w Philco 110v Cor Cinza-escuro"},
{"nome": "Geladeira frost free Electrolux Top Freezer TF55 branca com freezer 431L 220V"},
{"nome": "Chaleira Elétrica Digital Glass Pchd 1,7 Litros Philco 220v"},
{"nome": "Fogão 4 Bocas Branco com Mesa Inox Atlas Mônaco Plus Bivolt 127V/220V"},
{"nome": "Aquecedor Domestico A1-02 Branco Nac 220v Ventisol"},
{"nome": "Cafeteira Elétrica Efficient Ecm20 Granite Gray Electrolux 110V"},
{"nome": "Air Fryer Fritadeira Elétrica Touch Jumbo Gaabor 5,5l 1500w Cor Cinza-escuro 110V"},
{"nome": "Fritadeira Air Fryer Britânia 3l 1300w Bfr31 Cor Preto 110V"},
{"nome": "Máquina de lavar automática Electrolux Essential Care LED17 branca 17kg 220 V"},
{"nome": "Aparador de pelo Kemei KM-1949  prateado 110V/240V"},
{"nome": "Fogao Industrial Com 2 Bocas Tripla Chama Couraçado Dako Cor Preto Tipo de conexão Gás engarrafado de Baixa Pressão"},
{"nome": "Secador Taiff Titanium Colors Laranja 2100 220v Cor Preto"},
{"nome": "Sanduicheira Elétrica Bello Pane Inox Branca Britânia Cor Branco 110V"},
{"nome": "Refil Tripla Filtragem Girou Trocou C3 Ibbl Branco"},
{"nome": "Freezer Horizontal Electrolux HE150 143 Litros Branco 220V"},
{"nome": "Wap GTW aspirador de pó e água 1400w 12 litros cor prateado 110V"},
{"nome": "Relaxmedic Drysec Desumidificador Ar Ambiente Elétrico Antimofo 600ml Bivolt Cor Branco 110V/220V"},
{"nome": "Electrolux Air Fryer EAF90 Grafite 220v "},
{"nome": "Cafeteira Elétrica Cp28 Para 28 Xícaras Preta Britânia 110v"},
{"nome": "Panasonic Nn-st65lwruk 34 Litros Branco 220v"},
{"nome": "Lava-louças 8 Serviços Blf08bb Branca Brastemp Cor Branco 110V"},
{"nome": "Ventisol AQ-02 aquecedor domestico quartzo 800W premium cor branco 220V"},
{"nome": "Aspirador De Pó Robô 3 Em 1 Robot W100 Preto Wap Bivolt 110V/220V"},
{"nome": "Cafeteira Britânia Cp15 Vidro Preto Com Inox 127V"},
{"nome": "Cafeteira Philco Coffee Express 15 Bar Filtro Permanente Cor Preto/Prateado 220V"},
{"nome": "Panela De Arroz Britânia Pa5 Prime Preta Cor Preto 220V"},
{"nome": "Fritadeira Elétrica Sem Óleo Air Fryer 5.2l 1500w Wap Airfry Grand Family Com Duplo Revestimento Antiaderente Graystone, Cesto E Grelha Removíveis, Alça Removível, Fácil Limpeza, Cuba 5,2 Litros 127v"},
{"nome": "Secador De Cabelos Philco Ph3700 Gold 2000w Com Difusor 220v"},
{"nome": "Fritadeira Air Fryer 5,5 Litros Bfr50 Redstone Britânia 220v"},
{"nome": "Máquina De Lavar 16kg Tira Manchas Bwk16ab Branca Brastemp Cor Branco 110V"},
{"nome": "Fritadeira Elétrica Sem Óleo Forno AIR FRYER 12L 1800W WAP AIRFRY OVEN DIGITAL com Cesto 4,5L e 2 Grelhas com Duplo Revestimento Antiaderente GrayStone, Bandeja e Porta Removível, Inox, 12 Litros 220V"},
{"nome": "Geladeira Frost Free Electrolux TF39 branca com freezer 310L 127V"},
{"nome": " Lizze Chapinha de cabelo Profissional Extreme cinza 127V"},
{"nome": "Liquidificador Plq1430p Pro Maxx Limpa Fácil 1400w Philco 220V"},
{"nome": "Prancha Cerâmica Look 450 Até 230ºc Emissão Íon Preto Taiff 110V/220V"},
{"nome": "Cooktop 2 Bocas Gás Dako Supreme Mesa De Vidro Preto Bivolt"},
{"nome": "Panela De Arroz Elétrica Bpa10pi Preta E Inox Britânia 110v"},
{"nome": "Passadeira A Vapor Portatil Bvp02l Britânia 110v"},
{"nome": "Mixer 3 Em 1 Eib20 Com Haste Em Aço Inox Electrolux Cor Cinza-escuro 110V"},
{"nome": "Geladeira Crm56fb Frost Free 451 Litros Cor Branca Consul Cor Branco 110V"},
{"nome": "Espremedor De Laranjas E Frutas Efficient Ecp10 Electrolux Cor Preto Frequência 60Hz 127V"},
{"nome": "Hamilton Beach Cafeteira para embutir portátil BrewStation Elite 48465 automática preta e prateada de filtro programavel 110V"},
{"nome": "Aquecedor Paq2000b Branco Philco 110v"},
{"nome": "Fritadeira Airfryer Xl Philips Walita Hd9206 6,2 Litros"},
{"nome": "Fritadeira Air Fryer Lenoxx Easy Fryer Vermelha Pfr905 127v Cor Vermelho"},
{"nome": "Panela Elétrica Arroz Erc20 3,5l Rita Lobo Electrolux 127v"},
{"nome": "Máquina de Lavar Roupas Electrolux 8,5kg Branca Essential Care LES09 com Diluição Inteligente e Filtro Fiapos 220V"},
{"nome": "Máquina De Lavar 16kg Tira Manchas Bwk16ab Branca Brastemp Cor Branco 220V"},
{"nome": "Secador Cabelos220w Profisisonal Black Mondial New Íon 2000w"},
{"nome": "Fast Máquinas  Profissional  FDS 10 Aço inoxidável 5000 W"},
{"nome": " Wap Cozinha lazer  WAP AIR FRYER OVEN DIGITAL 12L  FW009547  Inox e Preto 127V"},
{"nome": "Secador Cabelos Taiff Unique Profissional Mais Potente 3100w 220V"},
{"nome": "Fritadeira Elétrica Sem Óleo Elgin 12 Litros 4 Em 1 Forno"},
{"nome": " Morina BY-707A cacheador modelador cachos espiral enrolar cabelo pro bivolt 110v/220v"},
{"nome": "Fritadeira Elétrica Industrial 10 Litros Com Termostato Inox"},
{"nome": "Aspirador De Pó Portátil Automotivo Recarregável 2 Em 1 Usb"},
{"nome": "Purificador De Água Electrolux Elétrico Pure Branco Bivolt"},
{"nome": "Fritadeira sem óleo Mondial Grand Family Inox AF-55i 5.5L preta 127V"},
{"nome": "Purificador De Água Consul Cpc31af Água Natural Cor Cinza Bivolt"},
{"nome": "Prancha Lizze Chapinha Extreme Profissional 480ºf Salão Cor Cinza 110V"},
{"nome": "Air Fryer Fritadeira Elétrica Touch Jumbo Gaabor 5,5l 1500w Cor Cinza-escuro 110V"},
{"nome": "Ferro De Passar Perfectcare Philips Walita Gc6842 2000w 110v Cor Roxo"},
{"nome": "Ventilador Oscilante De Parede 70 Cm Preto V70p Goar Bivolt"},
{"nome": "Fogão Industrial Alta Pressão Gás 6 Bocas Fogão De Piso"},
{"nome": "Grill E Sanduicheira Britânia Crome Inox 750w 220V"},
{"nome": "Air Fryer Fritadeira Elétrica Gaabor Touch 3,5l 1400w 127v Cor Cinza-escuro 110v"},
{"nome": "Lava Louças Midea 8 Serviços Cinza Dwa08s2 - 220 Volts 220V"},
{"nome": "Kit Lizze Prancha Extreme 480ºf + Secador 2400w Original"},
{"nome": "Fritadeira Sem Óleo Super Cook Fryer Frt410 3,8l Cadence Cor Preto 110V"},
{"nome": "Prancha Lizze Extreme Profissional Chapinha 480f+kit Limpeza"},
{"nome": "Refrigerador Electrolux Frost Free 371l Inox Dfx41 - 127v"},
{"nome": "Vaporizador Portátil De Roupas Eps10 Electrolux 127v Cor Azul-marinho 110V"},
{"nome": "Moedor De Carne Elétrico Britânia Preto 350w 220V"},
{"nome": "Máquina De Lavar 9kg Econômica Cwb09bb Branca Consul Cor Branco 110V"},
{"nome": "Cafeteira Britânia Bcf 19 Inox 18 Cafezinhos 550w"},
{"nome": "Bebedouro Industrial 25L Blue Bebedouros BB25L/2 2 Torneiras Geladas 127V Inox"},
{"nome": "Kit Completo Conversão Bico Injetor Fogão P/ Gás Encanado"},
{"nome": "Geladeira Panasonic Frost Free 435l A++ Branco - Nr-bt50bd3w 127V"},
{"nome": "Airfryer Digital 1800w Oven Britania Bfr2100 12 Litros 110v"},
{"nome": "Cozedor Ovos Máquina De Cozinhar A Vapor Egg Cooker 220v"},
{"nome": "Depurador de Cozinha Suggar Delgado con manta Slim com Manta DI602PR de parede 80cm x 8.5cm x 48cm preto 220V"},
{"nome": "Multiprocessador 5 Em 1 Mondial Turbochef Potência 1000w Loi"},
{"nome": "Fritadeira Elétrica Redonda Industrial Inox Profissional 5l"},
{"nome": "Panela De Arroz Ph10p Visor Glass Inox Philco 220v"},
{"nome": "Balança Digital Alta Precisão Aço Inox Adatto Tramontina Capacidade máxima 3 kg Cor Inox/Preto"},
{"nome": "Maquina Cortar Cabelo Barbear Acabamento Kemei Recarregável"},
{"nome": "Airfryer Grand Efficient Eaf30 Por Rita Lobo 4 Litros Cinza Electrolux 220v"},
{"nome": "Escova Secadora Alisadora Modeladora 1000w Uso Profissional 110V Cor Preto e Rosa"},
{"nome": "Chaleira Elétrica Inox 2.5l Britânia 220v"},
{"nome": "Ar Condicionado Split Hi Wall Inverter LG Voice R-32 12000 B 220V"},
{"nome": "Britânia Multipane panificadora multipane branca 220v"},
{"nome": "Aspirador De Pó E Água Compact 10 Tekna 10l Apl1101c 110v Cor Amarelo 127V"},
{"nome": "Mixer Power Inox Elgin 3 Em 1 600w Cor Vermelho 110v"},
{"nome": "Chaleira Elétrica 1,7 Litros Experience Eek25 Electrolux Cor Prateado 220V"},
{"nome": "Aspirador De Pó Bas1290v 2 Em 1 1250w Vermelho Britânia 220V"},
{"nome": "Frigobar Brastemp Retrô 76 Litros Rose Quartz Bra08ho 110v Cor Rosa"},
{"nome": "Lareira Ecológica Dormente Completa Portátil Etanol/álcool"},
{"nome": "Lareira Ecologica Externa Portátil Etanol/álcool Original"},
{"nome": "Electrolux Aspirador Motor Bps 1stg 220v Gt3000 "},
{"nome": "Aquecedor Philco 2 Em 1 Paq1100 3 Níveis De Temperatura"},
{"nome": "Air Fryer Multi Ce204 3,5l Preto 1350w - 127v"},
{"nome": "Freezer horizontal Electrolux Freezer H440  branco 400L 220V "},
{"nome": "Aspirador Vertical Mondial Turbo Cycle AP-35 1.3L  preto y laranja 110V AP-35"},
{"nome": "Micro-ondas 32 L Com Menu Gourmet Bms46ar Cinza Brastemp 110V"},
{"nome": "Ar Condicionado Philco 24000 Btu Quente E Frio Inverter 220v"},
{"nome": "Ar Condicionado Midea Airvolution Inverter 9000 Btu Frio 220"},
{"nome": "Balança Bioimpedância Corporal Digital Bodyscan - Relaxmedic Cor Preto"},
{"nome": "Britânia multipane panificadora 12 programações 220V 650W cor preto"},
{"nome": "Micro-ondas Nn-st55lmruk 27 Litros Prata Panasonic 220v"},
{"nome": "Britânia BAS1295P aspirador de pó 2 em 1 1250w 220V 1 L Preto"},
{"nome": "Aquecedor Individual Cardal 4t Alta Pressão Aq249 6400w 220v Cor Branco"},
{"nome": "Cooktop Dako 4 Bocas A Gás Supreme Cor Preto Bivolt"},
{"nome": "Pipoqueira Britânia Poplite Bpi01 Cor Vermelho 127V"},
{"nome": "Fritadeira Air Fryer Eaf15 Elétrica 3,2l Preto Electrolux 110V"},
{"nome": "Balança Digital Corporal Bioimpedancia Aplicativo Bluetooth"},
{"nome": "Fritadeira Elétrica Air Fryer Elgin Start Fry 3,5l 220v Cor Preto"},
{"nome": "Fritadeira Air Fryer Bfr25p 4 Litros Preta Britânia 220v Cor Preto"},
{"nome": "Fritadeira Sem Óleo Air Fryer 8l Afn-80-fb Mondial Cor Preto 220V"},
{"nome": "Liquidificador L-900 Fb Turbo 900w 2,7 Litros Preto Mondial 110V"},
{"nome": "Máquina de Lavar Automática Essential Care LED17 Branca 17kg Electrolux 127V"},
{"nome": "Fritadeira Elétrica Airfryer Family Eaf50 5l Electrolux 220v Cor Grafite"},
{"nome": "Frigobar Efficient em50 47L Branco Electrolux 220v"},
{"nome": "Fogão cooktop gás Mueller Cooktop 5 Bocas preto 127V/220V"},
{"nome": "Electrolux EAF20 Grafite"},
{"nome": "Fogão 4 Bocas Acendimento Automático Bfo4nbb Brastemp Bivolt Cor Branco 110V/220V"},
{"nome": "Mixer 3 Em 1 Eib10 400w Preto Electrolux 110V"},
{"nome": "Electrolux Acqua Power AQP20 aspirador de pó e água 11L 1400W cor laranja preto com função sopro 220v"},
{"nome": "Aspirador de pó vertical Wap Power Speed 2 em 1 2000w 3L cor vermelho 127V"},
{"nome": "Electrolux OE8EH 220v Cor Preto Forno De Embutir Elétrico"},
{"nome": "Micro-ondas 25L PMO28S Limpa Fácil 1100W Prata Philco 220V"},
{"nome": "Liquidificador Série 5000 Ri2242 Preto Philips Walita 220v"},
{"nome": "Micro-ondas Philco Pmo23e 20l Espelhado 1100w Tira Odor 110v 127V"},
{"nome": "Ventilador de teto Ventex Valen LED branco com 3 pás de  mdf, 1.1 m de diâmetro 127 V"},
{"nome": "Refrigerador Electrolux Cycle Defrost DC35A Cor Branco 220V"},
{"nome": "Micro-ondas Efficient 23 Litros Me23b Branco Electrolux 220v"},
{"nome": "Lavadora Essencial Care - Top Load 11kg Electrolux 220v"},
{"nome": "Fritadeira Elétrica Sem Óleo Easy Fryer Black Lenoxx 2.4 L 110V"},
{"nome": "Geladeira frost free Electrolux DFN41 branca com freezer 371L 127V"},
{"nome": "Fritadeira Elétrica Air Fryer Oven Electrolux 12L Digital Grafite Experience 1700W por Rita Lobo EAF90 110V"},
{"nome": "Máquina De Lavar Panasonic 12 Kg Branca Na-f120b1w Cor Branco 127V"},
{"nome": "Máquina De Lavar Ciclo Edredom Cwh12bb 12kg Branca Consul Cor Branco 220V"},
{"nome": "Fogão Cooktop Fischer 4Q Fit Line Gás Mesa Vidro 26342-57175 preto 127V/220V"},
{"nome": "Ventilador De Coluna Turbo 8 Pás 40 cm VTX-40C-8P Mondial 127V"},
{"nome": "Cooktop 5 Bocas Itatiaia Electra Tripla Chama Preto Bivolt 110V/220V"},
{"nome": "Microondas Electrolux 31 Litros Capacidade Prata Mi41s 220V"},
{"nome": "Nespresso Essenza Mini Preta, Cafeteira 110v C30"},
{"nome": "Freezer horizontal Electrolux H330  branco 314L 127V "},
{"nome": "Micro-ondas Menu Gourmet Bms46ab 32 Litros Branco Brastemp 110V"},
{"nome": "Sanduicheira E Grill Britânia Bgr27i Press 2 Em 1 850w Cor Preto/Prata 220V"},
{"nome": "Cafeteira Philco Coffee Express 15 Bar Filtro Permanente Cor Preto/Prateado 127V"},
{"nome": "Cafeteira Elétrica Electrolux 30 Xícaras Com Timer Ecm25 Cor Granite grey 220V"},
{"nome": "Cafeteira Elétrica Electrolux ECM22 C/ Jarra Inox 30 Xícaras Ecm22 110v"},
{"nome": "Aquecedor Quartzo Comfort Air Ii 900w A-15 Branco Mondial 220V"},
{"nome": "Secador Cabelos Taiff Unique Profissional Mais Potente 3100w 220V"},
{"nome": "Secador de Cabelo SP3100 2000W Britânia 220v"},
{"nome": " Wap Cozinha lazer  WAP AIR FRYER OVEN DIGITAL 12L  FW009547  Inox e Preto 127V"},
{"nome": "Refil Tripla Filtragem Girou Trocou C3 Ibbl Branco"},
{"nome": "Freezer Horizontal Electrolux HE150 143 Litros Branco 220V"},
{"nome": "Aspirador De Pó Vertical 2 Em 1 1400w Philco Pas1550c Cor Cinza 220V"},
{"nome": "Fritadeira Air Fry Oven Bfr2100p 12 Litros 1800w Britânia Cor Preto 220V"},
{"nome": "Fritadeira Airfryer Digital Philips Walita 4,1l Ri925 220v Cor Preto"},
{"nome": "Fritadeira Elétrica Sem Óleo Forno AIR FRYER 12L 1800W WAP AIRFRY OVEN DIGITAL com Cesto 4,5L e 2 Grelhas com Duplo Revestimento Antiaderente GrayStone, Bandeja e Porta Removível, Inox, 12 Litros 220V"},
{"nome": "Panela Pressão Elét. Digital Pcc15 Rita Lobo Electrolux 220v"},
{"nome": "Cafeteira Elétrica Cp28 Com 28 Xícaras Britânia 220v"},
{"nome": "Crepeira Six 640w Preta Britânia 220v"},
{"nome": "Forno Elétrico Philco PFE44P Dupla Resistência 44L 220V"},
{"nome": "Fritadeira Airfryer Philips Walita 5,6l Com Visor - 1700w"},
{"nome": "Prancha Lizze Chapinha Extreme Profissional 480ºf Salão Cor Cinza 110V"},
{"nome": "Secador Cabelos Taiff Unique Profissional Mais Potente 3100w 220V"},
{"nome": "Secador Taiff Titanium Colors Laranja Superpotente 2100w Cor Preto 110V"},
{"nome": " Wap Cozinha lazer  WAP AIR FRYER OVEN DIGITAL 12L  FW009547  Inox e Preto 127V"},
{"nome": "Cooktop A Gás Mueller 5 Bocas Tripla Chama Preto MCG135BG1 Bivolt"},
{"nome": "Mini Aspirador Soprador De Pó Supremo Portátil 3 Em 1 Recarregável Sem Fio Eps-502 "},
{"nome": "R410 R-410 R410a Dac 11,35kg Dupont Chemours"},
{"nome": "Ferro De Passar Perfectcare Philips Walita Gc6842 2000w 110v Cor Roxo"},
{"nome": "Fogão Elétrico De Mesa 2 Bocas 2000W Agratto FM-01 127V"},
{"nome": "Cortador de cabelo Wahl Professional Super Taper  branco 127V"},
{"nome": "Micro-ondas Brastemp BM146AE   preto 32L 110V"},
{"nome": "Cooktop 4 Bocas A Gás Consul Cd060ae Preto Bivolt"},
{"nome": "Air fryer Gaabor Air Fryer GA-E45A0 GA-E45A0 de 4.5L cor cinza 220V"},
{"nome": "Chaleira Elétrica Xfire 2 Litros Jarra Aço Inoxidável Prata 220v"},
{"nome": "Secador De Cabelo Babosa Ceramic Ion 2100w 127v"},
{"nome": "Aquecedor domestico quartzo Aq-02 800w Premium Ventisol 127V cor Branco"},
{"nome": "Ferro De Passar Perfectcare Philips Walita Compact Essential"},
{"nome": "Cafeteira Elétrica Efficient Ecm20 Granite Gray Electrolux 220V"},
{"nome": "Ferro De Passar A Vapor Mondial F-32 Cor Branco Com Azul 110V"},
{"nome": "Bebedouro de água com geladeira New.Up! Evidence 20L preto 220V "},
{"nome": "Chaleira Elétrica Black+decker K2200-b2 220v Cor Preto"},
{"nome": "Cafeteira Britânia BCF15 Inox 15 Xícaras 550W 110V/127V Rosa "},
{"nome": "Aquecedor De Ar Portátil Britânia Baq1720b Branco 220 Volts 220V"},
{"nome": "Passadeira A Vapor Portatil Branca E Violeta Britânia 220v"},
{"nome": "Sanduicheira Bgr02pi Antiaderente 750w Preto Britânia 110V"},
{"nome": "Geladeira Crm56fk Painel Eletrônico 451 Litros Inox Consul Cor Cinza 110V"},
{"nome": "Ventilador de teto Ventex Valen LED preto com 3 pás cor  mogno de  mdf, 1.1 m de diâmetro 127 V"},
{"nome": "Panela De Arroz Bpa10pi 10 Xícaras Britânia 220v"},
{"nome": "Balança Corporal Digital De Banheiro Infit 200kg Relaxmedic Cor Branco Bivolt"},
{"nome": "Aquecedor Philco 2 Em 1 Paq1100 3 Níveis De Temperatura Cor Preto 220v"},
{"nome": "Gaabor  Air fryer GA-E45A0 de 4L cor branco 220V"},
{"nome": "Panela De Pressão Bpp02g Gold 5l 900w Britânia"},
{"nome": "Geladeira degelo seco Consul CRA30FB branca 261L 110V"},
{"nome": " Philco  Air PFR15 Gourmet black Preto"},
{"nome": "Aspirador De Pó Vertical 2 Em 1 1200w Britânia Bas1200c Cor Cinza 220V"},
{"nome": "Cafeteira Elétrica Cadence Single Up CAF230 Preto e Vermelho 127V"},
{"nome": "Secador De Cabelo Gama Eleganza Plus Ceramic Íon 3 Níveis Cor Preto 110v"},
{"nome": "Centrífuga de alimentos elétrica Britânia Juicer 700 preta 110V com acessórios\n"},
{"nome": "Centrífuga de alimentos elétrica Britânia Juicer 700 preta 220V com acessórios\n"},
{"nome": "Cafeteira Philco Grano Perfetto Pcf22pi Cor Preto/Cinza"},
{"nome": "Valvula Alternadora De Pressão Blukit Para Caixa D'água "},
{"nome": "Marmita Térmica Elétrica Portátil Inox Bivolt Casa E Veiculo"},
{"nome": "Liquidificador Blq1380p Pro Maxx 6 Inox 3l 1200w Britânia Cor Preto 110V"},
{"nome": "Cooktop 4 Bocas Atlas Preto Com Mesa De Vidro U Top Bivolt 110V/220V"},
{"nome": "Panela De Pressão Ppp01p Philco 220v"},
{"nome": "Micro-ondas Me23s 23l Efficient Com Descongelamento Assistido Cor Inox Electrolux 127V"},
{"nome": "Ar Condicionado Midea Airvolution Inverter 9000 Btu Frio 220"},
{"nome": "Fritadeira Air Fryer Eaf15 Elétrica 3,2l Preto Electrolux 110V"},
{"nome": "Balança Bioimpedância Corporal Digital Bodyscan - Relaxmedic Cor Preto"},
{"nome": "Liquidificador Mondial L-99 500w 2,2l C/ Jarra San Pt - 110v"},
{"nome": "Fogão Cooktop Indução Preto Philco PCT12P 110V/220V"},
{"nome": "Mondial Cozinha 4675-02 AFN-40-BFT fritadeira sem óleo air fryer 4L Preto 1500w 220V"},
{"nome": "Liquidificador Full 1400w 15 Velocidades Oliq610 Preto Oster 220V"},
{"nome": "Aquecedor Ambiente Pirâmide Externo Quartzo A Gás Aço Inox"},
{"nome": "Forno Elétrico De Bancada Nardelli 60litros Top60 Black 110v Cor Preto 127V"},
{"nome": "Aquecedor Philco 2 Em 1 Paq1100 3 Níveis De Temperatura"},
{"nome": "Relaxmedic RM-BD0015A 180kg branco 31x31cm"},
{"nome": "Fritadeira Elétrica Air Fryer Oven Electrolux 12L Digital Grafite Experience 1700W por Rita Lobo EAF90 110V"},
{"nome": "Liquidificador Philco Ph900 Preto 1200w 127V"},
{"nome": "Geladeira frost free Electrolux Freezer TF55S Inox com freezer 431L 127V"},
{"nome": "Micro-ondas Pmo28e Esp/bc 127v"},
{"nome": "Grill E Sanduicheira Crome Inox 750W Britânia 110v"},
{"nome": "Fritadeira Airfryer Digital Philips Walita 4,1l Ri925 110v Cor Preto"},
{"nome": "Chapinha Taiff Clássica Cerâmica Preta 110V/220V Bivolt"},
{"nome": "Micro-ondas Brastemp BM146AE Inverter   preto 32L 220V"},
{"nome": "Lavadora Essencial Care - Top Load 11kg Electrolux 127v"},
{"nome": "Escova Secadora Mondial By Juliette 1200w Es-ju-03 Bivolt 110V/220V"},
{"nome": "Máquina De Lavar Bwf15ab 15kg Tira Manchas Branca Brastemp Cor Branco 220V"},
{"nome": "Fritadeira Airfryer Digital Philips Walita 4,1l Ri925 220v Cor Preto"},
{"nome": "Micro-ondas Nn-st67lsru 34 Litros Inox Panasonic 127v 110V"},
{"nome": "Micro-ondas Consul 20 Litros Branco Cma20bbana - 127v"},
{"nome": "Sanduicheira elétrica Britânia Press Press - BGR27I cor preto/inox 110V"},
{"nome": "Forno Elétrico Philco 50L PFE52P Dupla Resistência 220V"},
{"nome": " Philco Escova Rotativa Spin Brush PEC04V 1100W  110v"},
{"nome": "Liquidificador L-99 Turbo Power 2,2l 550w Vermelho Mondial 220V"},
{"nome": "Ar Condicionado Philco 24000 Btu Quente E Frio Inverter 220v"},
{"nome": "Liquidificador Daily 2 Litros Ri2110 Philips Walita 110v"},
{"nome": "Fritadeira Elétrica Air Fryer Elgin Start Fry 3,5l 220v Cor Preto"},
{"nome": "Máquina de lavar automática Electrolux Essential Care LED14 branca 14kg 220 V"},
{"nome": "Electrolux Power Speed Plus STK14 azul escuro 1.6L 127V"},
{"nome": "Air Fryer Multi Ce204 3,5l Preto 1350w - 127v"},
{"nome": "Taiff Prancha Cerâmica Profissional Classic 180° Bivolt"},
{"nome": "Gaabor Air fryer GA-E45A0 de 4L cor cinza 127V"},
{"nome": "Electrolux Air Fryer EAF90 Grafite 220v "},
{"nome": "Ferro De Passar Perfectcare Philips Walita Gc6842 2000w 110v Cor Roxo"},
{"nome": "Chaleira Jarra Elétrica Digital Oster Inox 1,7 Litros Prateado Controle Temperatura 127V"},
{"nome": "Bebedouro de água Blue Bebedouros BB25L/2 25L cinza 220V "},
{"nome": "Fogão cooktop gás Itatiaia Midi Pop Art 5 Bocas tripla chama preto 110V/220V"},
{"nome": "Fogão Elétrico De Mesa 2 Bocas FMP-02 2500W Agratto 220V"},
{"nome": "Churrasqueira Elétrica Grill Menu Grl810 Preta Cadence 110v"},
{"nome": "Liquidificador L-99 Turbo Power 2,2l 550w Vermelho Mondial 110V"},
{"nome": "Balança Corporal Digital De Banheiro Infit 200kg Relaxmedic Cor Branco Bivolt"},
{"nome": "Fritadeira Elétrica Sem Óleo AIR FRYER 5.2L 1500W WAP GRAND FAMILY 2 em 1 Duplo Revestimento Antiaderente GrayStone, Cesto e Grelha Removíveis, Alça Removível, Fácil Limpeza, Cuba 5,2 Litros 220V"},
{"nome": "Fritadeira Elétrica Sem Óleo Air Fryer 5.2l 1500w Wap Airfry Grand Family Com Duplo Revestimento Antiaderente Graystone, Cesto E Grelha Removíveis, Alça Removível, Fácil Limpeza, Cuba 5,2 Litros 127v"},
{"nome": "Mondial Liquidificador Turbo nox L-1200 Preto 110v 3L"},
{"nome": "Micro-ondas 20l Branco Porta Preta Minuto Fácil Midea 110V"},
{"nome": "Fogão 4 Bocas Preto com Mesa Inox Atlas Mônaco Plus Bivolt 127V/220V 50Litros"},
{"nome": "Grill E Sanduicheira Pgr21pi Maxx Clean 1000w Cinza Philco 220V"},
{"nome": "Balança Digital Corporal Bioimpedancia Aplicativo Bluetooth"},
{"nome": "Electrolux Hidrolux AWD01 12L preto e azul 127V"},
{"nome": "Micro-ondas Prata 23l Efficient Me23s Electrolux 220V"},
{"nome": "Micro-ondas Nn-st65lwrun Branco 34 Litros Panasonic 110v"},
{"nome": "Panela De Pressão Multifuncional Ppp02pi Philco 220v"},
{"nome": "Fogão Cooktop Mueller 4 Bocas De Indução Com Turbo 220v"},
{"nome": "Geladeira Consul CRD37 branca com freezer 334L 220V"},
{"nome": "Geladeira Brastemp Frost Free Duplex 375 Litros Cor Branca - Cor Branco 220V"},
{"nome": "Aspirador De Pó Bas1290v 2 Em 1 1250w Britânia  Vermelho 110v"},
{"nome": "Aquecedor De Ar Mondial Termo Cerâmica 1500w Inverno Prata Cor Cinza 220V"},
{"nome": "Secador Taiff Titanium Colors Laranja Superpotente 2100w Cor Preto 110V"},
{"nome": "Fritadeira Air Fryer Bfr40pi 5 Litros Britânia 110v Cor Preto e prata"},
{"nome": "Freezer horizontal Electrolux Freezer H440  branco 400L 220V "},
{"nome": "Aspirador Vertical Mondial Turbo Cycle AP-35 1.3L  preto y laranja 110V AP-35"},
{"nome": "Fritadeira Digital Philips Walita 4,1l Vermelha 220v Ri9252 Cor Vermelho"},
{"nome": "Freezer Horizontal 314l Electrolux (h330) Cor Branco 220V"},
{"nome": "Secador de cabelo GA.MA Italy Eolic Travel preto 110V/220V"},
{"nome": "Máquina De Costura Portátil Genius Plus Jx-4035 Elgin Cor Branco 127V"},
{"nome": "Fritadeira Air Fryer Bfr40bi Redstone 5l 1500w Britânia 110v"},
{"nome": "Filtro Ibbl Protection Cz+7 Refil Girou Trocou Cor Branco"},
{"nome": "Fritadeira Elétrica Sem Óleo Churrasqueira Air Fryer 10L 1800W WAP AIRFRY BARBECUE DIGITAL 12 em 1, Mesa e Parede, Sem Fumaça, Duplo Revestimento Antiaderente Graystone, Painel Digital, 10 Litros 127V"},
{"nome": "Geladeira Crm56fk Painel Eletrônico 451 Litros Inox Consul Cor Cinza 220V"},
{"nome": "Batedeira Planetária EKM30 Preta Experience Com Tigela 5l 750w Electrolux 110V"},
{"nome": "Aspirador Pó E Água Wap Gtw Inox 20l 1600w + Bico Extratora"},
{"nome": "Pipoqueira Esplosione Sem Óleo Branca Veronna 1200w 110v Cor Branco"},
{"nome": "Fogão Com Forno 60 L Metalfour Alta Pressão 6 Bocas Gás Glp"},
{"nome": "Mixer Britânia Bmx350v 350w Cor Vermelho 127V"},
{"nome": "Liquidificador PH900 Vermelho 1200W Philco 127V"},
{"nome": "Ar Condicionado Split Inverter Philco Espelhado 12000 BTUS Quente e Frio PAC12000IQFM15E 220V"},
{"nome": "Grill Press 180 1830W Britânia 220v"},
{"nome": "Fritadeira Elétrica Airfryer Easy Black 2,4l Pfr909 Lenoxx Cor Preto 220V"},
{"nome": "Cooktop 5 Bocas Preto Mesa De Vidro Atlas U Top Bivolt 110V/220V"},
{"nome": "Chaleira Elétrica BCH12I Automática Inox 1,9L Cor Preto Britânia 110V"},
{"nome": "Wap Air Silence De torre Preto 70w 220V"},
{"nome": "Aspirador Robô Philco Pas22p Mop Filtro Hepa Bivolt"},
{"nome": "Grill E Sanduicheira BGR01P Toast Preto 750W Britânia 220v"},
{"nome": "Forno de bancada elétrico Layr Advanced Luxo inox 2.4 46L aço inoxidável 127V"},
{"nome": "Aquecedor A Óleo Philco Paq1520p"},
{"nome": "Panela elétrica a pressão Philips RI3136 - 220V"},
{"nome": "Cooktop De Indução Philco Pct11p 9 Níveis + Turbo 3400w 220V"},
{"nome": "Mixer Vertical Turbo Whey Bebidas Gelada 4 Em 1 500w 110v"},
{"nome": "Liquidificador Industrial Alta Rotação Inox Li 1,5l Skymsen "},
{"nome": "Frigobar Brastemp Retrô 76l Branco 110v Bra08hbana"},
{"nome": "Aspirador Tambor Lavor Residencial Silent 12L  preto y cinza 127V"},
{"nome": "Aspirador De Pó E Água 1500w 12 Litros Silent Lavor Cor Preto/Cinza 220V"},
{"nome": "Aspirador extrator Tambor IPC Lavaclean 16L  preto y verde 220V"},
{"nome": "Ventilador Spirit Maxximos Elegant Ts700 Preto/prata - 220v Cor da estrutura Prateado Cor das pás N/A Diâmetro 20 cm Frequência 35W Material das pás N A Quantidade de pás 0"},
{"nome": "Cooktop 5 Bocas A Gás Fischer Infinity Eiger Bivolt"}
]