[
{"nome": "Leitor Código De Barras S/fio Wireless Laser Boleto Ean Danf"},
{"nome": "Notebook Lenovo V14 Amd R5 8gb 256gb Ssd W11 Home 14  Fhd"},
{"nome": "Caneta Pencil Wb Compatível C/ iPad Com Palm Rejection 1.0mm"},
{"nome": "Estabilizador Ts Shara Powerest Home 1000 Bivolt 1000va 9007 Cor Preto"},
{"nome": "Teclado Gamer Semi Mecânico Led Rgb Abnt2 Usb Pc Ps4 Xbox"},
{"nome": "Impressora De Etiquetas Elgin L42 Pro Full Ethernet Em 12x"},
{"nome": "Impressora Hp 584 Multifuncional Smart Tank Wifi Bivolt"},
{"nome": "Kit Upgrade Cpu Intel I5-6500, 16gb Ddr4, Mb H110, Cooler"},
{"nome": "Teclado Mecânico Mancer Ghoul Mk2 Rgb Abnt2 Switch Vermelho Cor de teclado Preto Idioma Português Brasil"},
{"nome": "Tablet Vision Tab 10 10.1 4gb Ram 128gb 4g Preto Positivo"},
{"nome": "Controle Joy Con Rosa(l) E Amarelo(r) Pastel Nintendo Switch"},
{"nome": "Pc Gamer Cpu Computador I5 16gb, Ssd 240gb, Placa Vídeo 4gb"},
{"nome": "Webcam Home Ofice ! Microfone ! Teans, Zoom, Meet, Hangouts!"},
{"nome": "Mouse Sem Fio Mo212 Usb 2.4 Ghz 1200 Dpi Preto Multilaser"},
{"nome": "Repetidor Wifi Sinal Wireless Amplificador Extensor Potente"},
{"nome": "Cabo De Rede Par Trançado 0,41mm Branco 300m - Se325"},
{"nome": "Ssd Kingston Sa400s37/960g 960gb"},
{"nome": "Projetor Epson PowerLite X39 3500lm branco 100V/240V"},
{"nome": "Tablet Patrulha Canina Chase 4gb 64gb Tela 7'' Nb421 Multi"},
{"nome": "Computador Fácil Intel Core I5 3ª  16gb Ddr3 Ssd 240gb"},
{"nome": "Adaptador Ethernet Tp-link Ue300 Usb 3.0 Lan Rj45 Gigabit"},
{"nome": "Notebook Lenovo Thinkpad L14 Ryzen 5 Pro 16gb 512gb Ssd W11h"},
{"nome": "Pc Cpu Gamer Barato Core I5 3.8ghz 16gb Ssd 240gb F500wts "},
{"nome": "Teclado gamer OEX Prismatic TC205 QWERTY português Brasil cor branco com luz 6 cores"},
{"nome": "Luminária Barra Led Luz Monitor Notebook Computador Usb Mesa"},
{"nome": "Leitor Biométrico Hamster Dx - Nitgen"},
{"nome": "Monitor Uhd 28'' Led 4k Hdmi Freesync Série Ur550 Samsung"},
{"nome": "Projetor Epson Co-w01 3000 Lumens 3lcd Hdmi Wxga Usb"},
{"nome": "Leitora De Código De Barras Cipher Lab 1500"},
{"nome": "Pc Gamer Fácil Intel I7 3ª 16gb Gtx 1660 Super Ssd 960gb"},
{"nome": "Cartucho De Tinta Hp 662xl Cor Preto Do 6.5 Ml"},
{"nome": "Scanner De Mesa Brother Portátil Duplex A4 Ads1300 - Bivolt"},
{"nome": "Suporte De Mesa Pix-h160 Com Pistão A Gás Tv/monitor 17 A 35 Cor Preto"},
{"nome": "Impressora Epson F170 Surecolor Sublimática Wifi Bivolt"},
{"nome": "Notebook Vaio Fe15 Intel Core I5-1135g7 Linux 8gb 256gb Ssd Cor Cinza/Grafite"},
{"nome": "Pc Computador Cpu Intel I5 + Ssd 240gb, 8gb Memória + Wifi"},
{"nome": "Mouse Gamer Sem Fio Logitech G G305 Lightspeed - Preto"},
{"nome": "Computador Completo Core I3 3220 16gb Ssd480gb Monitor 20"},
{"nome": "Case Pasta Maleta Capa Para Ultrabook Notebook 15 15,6 Pol"},
{"nome": "Kit Refil De 6 Tintas Epson T544 L1110/l3110/l3150/l3160"},
{"nome": "Projetor Portatil Android 11 Wifi 14000lm Full Hd 4k Projeto"},
{"nome": "Kit 3 Pendrive Multilaser Twist 16gb 2.0 Atacado Original"},
{"nome": "Projetor Bettdow P1 Wifi Hd 4k 600 Ansi Android 11 Smart"},
{"nome": "Teclado Gamer Mecânico Qwerty Abnt2 Rgb Pc Xbox Switch Blue"},
{"nome": "Mouse Logitech M170 Sem Fio Rc/nano Preto/grafite Cor Preto"},
{"nome": "Impressora Tm-t88vii Epson Usb Serial E Ethernet (eps01) Cor Preto 110v/220v"},
{"nome": "Suporte De Notebook Articulado Alumínio 02"},
{"nome": "Adaptador Pci Express Wi-fi 6 Ax3000 Tp-link Archer Tx50e"},
{"nome": "Projetor Led Smart Android Portátil Hy300 Bluetooth Full Hd"},
{"nome": "Notebook Lenovo Ideapad 1 Celeron 4gb 128gb Ssd 15,6 W11 Cor Cinza"},
{"nome": "Par Conversor Mídia Fibra Óptica A+b Gigabit 1000 Mbps Rj45"},
{"nome": "No Break Jbr Guard 2000va 900w Ent. Bivolt Saída 120v Preto"},
{"nome": "Etiqueta Impressora A4 210 X 297mm 100 Fls Ca4367 Colacril Cor Branco"},
{"nome": "Placa De Video Asus Tuf Geforce Rtx 4070ti Super 16gb Gddr6x"},
{"nome": "Notebook Dell Inspiron I15-i120k-a35p I5 16gb 1tb 15.6 W11"},
{"nome": "Impressora De Etiquetas Elgin L42 Pro Full Usb Ethernet"},
{"nome": "Fonte De Alimentacao 600w Gs600 80 Plus White Gamemax Cor Preto 110V/220V"},
{"nome": "Computador Completo I5 3º G 16gb Hd Ssd 240gb Monitor Hdmi"},
{"nome": "Notebook Samsung Galaxy Book Go NP340XLA-K06BR Snapdragon 4GB 128GB SSD UFS Windows 11 Home"},
{"nome": "Pc Gamer Fácil Ryzen 7 5700g Vega 8 Ssd 480gb 16gb Ddr4 500w"},
{"nome": "Tablet Nb416 Frozen Ii 4gb 64gb 7'' Multi"},
{"nome": "Notebook Lenovo Ideapad 1i Intel Core I3 - 1215U, 4GB RAM, 256GB SSD, Windows 11 Home, Tela 15.6'' - 82VY000TBR Cor cinza"},
{"nome": "Leitor De Código De Barras Elgin Flash Usb 1d Preto 42flash"},
{"nome": "Webcam Home Ofice ! Microfone ! Teans, Zoom, Meet, Hangouts!"},
{"nome": "Notebook ASUS Vivobook M1502IA AMD Ryzen 7 4800H 8Gb Ram 256Gb Ssd Linux KeepOs 15,6” FHD Prata Metálico - EJ252"},
{"nome": "Roteador Wireless Intelbras W5-2100g"},
{"nome": "Pc Gamer Bluepc Amd Ryzen 5 5600gt 16gb Ssd 480gb 500w"},
{"nome": "Nobreak 1200va Bivolt 7a Ups Compact Xpro Preto Ts Shara"},
{"nome": "Pc Gamer Completo Intel I5 3ª 16gb Rx 550 4gb Ssd 240gb"},
{"nome": "Computador Fácil Intel Core I3 10100f 8gb Ddr4 Ssd 240gb"},
{"nome": "Extensor Wi-fi 5 Dual Band Twibi Force Plug Branco Intelbras 110V/220V"},
{"nome": "Combo Teclado E Mouse Sem Fio Multilaser Slim Usb - Tc212 Cor do mouse Preto"},
{"nome": "Notebook Lenovo Ideapad 3i I3 4gb 256gb Ssd 15,6'' W11 Cor Cinza"},
{"nome": "Notebook Samsung Galaxy Book2 Intel Core I5 - 1235U, 8GB RAM, 256GB SSD, Windows 11 Home, Tela 15,6\" Full HD, Grafite - NP550XED-KF2BR"},
{"nome": "Pc Gamer Fácil Ryzen 5 5600g Vega 7 Ssd 240gb 16gb Ddr4 500w"},
{"nome": "Notebook Lenovo Ideapad Intel Celeron - N4020, 4GB RAM, 128SSD, Windows 11 Home C/office, Tela Led 15,6\", Cor Cinza - 82VX0001BR"},
{"nome": "Impressora Hp 584 Multifuncional Smart Tank Wifi Bivolt Cor Preto 110V/220V"},
{"nome": "Tablet Positivo Twist Tab+ 2GB RAM, 64GB, 7\", Android 11 Go, Bateria 3100mAh - Grafite"},
{"nome": "Monitor Gamer Samsung T350 24” FHD, Tela Plana, 75Hz, 5ms, HDMI, FreeSync, Game Mode"},
{"nome": "Notebook Lenovo Ideapad 1 Intel Core I3 1215U 8GB RAM 256GB SSD Windows 11 Home Tela 15,6\" 82VY000SBR"},
{"nome": "Notebook Lenovo Ideapad 1i Intel Core I5 - 1235U, 8GB RAM, 512GB SSD, Windows 11 Home, Tela 15,6'' HD - 82VY000QBR"},
{"nome": "Notebook Positivo Duo 2 Em 1 Intel Celeron 4GB 128GB 11\" W11"},
{"nome": "Mini Projetor Portátil 4k Android Full Hd Smart Wifi Cinema"},
{"nome": "Impressora Multifuncional HP DeskJet Ink Advantage 2874 Preto 110V/220V"},
{"nome": "Notebook Samsung Galaxy Book Go NP340XLA-K06BR Snapdragon 4GB 128GB SSD UFS Windows 11 Home"},
{"nome": "Notebook Dell Inspiron I15-i120k-a15p I3 8gb 512gb 15.6 W11"},
{"nome": "Tablet Samsung Galaxy Tab S6 Lite (2024) 64gb 4gb Ram Wifi Cor Cinza"},
{"nome": "Notebook Acer Aspire 5 Intel Core I5 - 12450H, 8GB RAM, 256GB SSD, Windows 11 Home, Tela 15,6\" Full HD - A515-57-55B8"},
{"nome": "Tablet Tab M9 Octa-core 4gb 64gb Wi-fi Android 12 Lenovo"},
{"nome": "Notebook Dell Inspiron I15-i120k-a30pf I5 16gb 512 15.6 W11"},
{"nome": "Notebook Acer Aspire 5 Intel Core I5  12450H 8gb RAM 256GB SSD Windows 11 Home,Tela 15,6\" A515-57-53Z5"},
{"nome": "Monitor 24b1xhm Adaptive sync 23,8\" Widescreen VA 75hz Preto AOC 110V/220V"},
{"nome": "Computador Completo I5 3º G 16gb Hd Ssd 240gb Monitor Hdmi"},
{"nome": "Samsung Chromebook Intel Dual-core, 4gb, 64gb, 11.6"},
{"nome": "Notebook ASUS Vivobook X1502ZA-BQ1760W Intel Core i5 12450H 2 GHz 8Gb Ram 512Gb SSD Windows 11 Home 15,60” LED Full HD Intel UHD Graphics Prata"},
{"nome": "Notebook Lenovo Ideapad 1 Intel Core I3 - 1215u, 4gb Ram, 128gb Ssd, Linux, Tela 15,6\", Intel Uhd Graphics - 82VYS01100"},
{"nome": "Monitor 23.8 Full Hd Ips Amd Freesync 24mp400 Preto LG 110V/220V"},
{"nome": "Monitor gamer AOC B1 27B1HM led 27\" preto 90V/240V"},
{"nome": "Pc Gamer Completo Intel I5, 16gb Ram, Ssd 240gb, Video 1gb"},
{"nome": "Ultra Projetor Hy300 Wifi 200ansi Android 11.0 Smart Tvbox"},
{"nome": "Pendrive Kingston 64gb Datatraveler Exodia M Dtxm Melhor"},
{"nome": "Adaptador Hub Baseus 5 Portas Tipo-c / Hdmi+usb3.0*3+pd 100w"},
{"nome": "Projetor Led Portátil Smart Wifi Bluetooth Android 4k Cinema"},
{"nome": "Computador Completo All In One I5 8gb Hd 500gb Tela 21.5"},
{"nome": "Switch Hub 8 Portas Tp-link Ls1008g Gigabit 10/100/1000 Mbps"},
{"nome": "Notebook Vaio Fe15 Ryzen7 16gb 512gb Ssd Linux Prata Titânio"},
{"nome": "Tela Lenovo Ideapad S145 15ikb 15api 15iwl 15wl N156bga-ea3"},
{"nome": "Placa Mãe Revenger Intel 4 Geração Ddr3 M.2 G-h81/m LGA 1150 Preto"},
{"nome": "Monitor Samsung LF24T450F 24\" IPS FHD, 75Hz, Preto, Bivolt"},
{"nome": "Multifuncional Brother DCP-T420W tanque de tinta Usb Wifi 220V Preto"},
{"nome": "Notebook Asus Vivobook Go Core I3 N305 4gb 256ssd W11 Fhd"},
{"nome": "Pc Gamer Fácil Ryzen 5 5600g Vega 7 Ssd 960gb 16gb Ddr4 500w"},
{"nome": "Futronic FS80H Leitor biométrico Bio Mini Henry"},
{"nome": "Positivo Vision I15 I58256ai-15 8gb 256gb Ssd Positivo"},
{"nome": "Mini Projetor Portátil 4k Android Full Hd Smart Wifi Cinema"},
{"nome": "Fonte Mancer Thunder MCR-THR600-BL01 600w 80 Plus Bronze Cor Preto"},
{"nome": "Impressora Epson Tm-t20x Serial / Usb (eps01) Cor Preto 110V/220V"},
{"nome": "Tinta Canon G3100 G4100 G3110 G190 4 Unidades 345ml"},
{"nome": "Repetidor Amplificador Extensor De Sinal Wifi Internet Ultra"},
{"nome": "Placa de vídeo Nvidia Gainward  Ghost GeForce RTX 30 Series RTX 3060 NE63060T19K9-190AU OC Edition 12GB"},
{"nome": "Notebook Dell Inspiron I15-i120k-a10p 15.6 I3 8gb 256gb W11"},
{"nome": "Monitor Samsung Uhd 28'' Led 4k Hdmi Freesync Série Ur550 HDR 60Hz 4ms Cor Preto 110V/220V"},
{"nome": "Monitor LG Gamer 21.5' Full Hd 75hz Freesync 22mp410-b.awzm Cor Preto 110V/220V"},
{"nome": "Pc Gamer Completo Mancer, Amd Ryzen 5, 16gb Ddr4, Ssd 480gb"},
{"nome": "Tablet Vaio Tl10 128gb 8gb 4g Teclado Magnético Tela 10"},
{"nome": "Notebook Galaxy Book2 intel core i7-1255U 8GB RA SSD 512GB 15.6 Full HD Windows 11 grafite NP550XED-KS2BR"},
{"nome": "Monitor Gamer Aoc 27 165hz 1ms Va Ajuste De Altura 27g2s/bk Preta e Vermelho"},
{"nome": "Repetidor Wifi Sinal Wireless Amplificador Extensor Potente"},
{"nome": " Cpu I5 3470 3.20ghz 16gb Ssd 480gb Wifi Rede 100/1000"},
{"nome": "Roteador Tp-link Ax1800, Wi-fi 6, Dual Band Gigabit-ex220 Cor Preto"},
{"nome": "Cabo Rede Furukawa Soho Plus Cat6 305m CMX U/Utp Anti-Chamas"},
{"nome": "Impressora multifuncional cor Epson EcoTank L3250 220V"},
{"nome": "Nobreak 1200va Bivolt 7a Ups Compact Xpro Preto Ts Shara"},
{"nome": "Pc Gamer Fácil Ryzen 5 5600g Vega 7 Ssd 480gb 16gb Ddr4 500w"},
{"nome": "Impressora De Etiquetas Elgin L42 Pro Full Ethernet Em 12x"},
{"nome": "Estabilizador Ts Shara Powerest 500va E.bivolt S.115v 4t"},
{"nome": "Disco sólido interno Western Digital WD Green WDS480G3G0A 480GB preto"},
{"nome": "Notebook Lenovo IdeaPad 3i Intel Core I3 - 1115G4, 8GB RAM, 256GB SSD, Windows 11 Home, Tela 15,6\" - 82MD0010BR"},
{"nome": "Monitor 29'' Led Full Hd Ultrawide 29wl500 Hdmi Hdr Ips LG Cor Preto 100V/240V"},
{"nome": "Notebook Positivo Master N1250 Pentium N5030 4gb 128gb W11 Cor Cinza"},
{"nome": "Impressora Elgin I8 Usb Ethernet Guilhotina Cor Preto Voltagem Bivolt 46I8USECKD00"},
{"nome": "Impressora multifuncional HP Deskjet Ink Advantage 2874"},
{"nome": "Monitor Samsung Odyssey G30 24\" Full HD Va 144Hz FreeSync Preto 110V/220V"},
{"nome": "Placa de vídeo Nvidia Galax  EX Plus GeForce GTX 16 Series GTX 1650 65SQL8DS93E1 4GB"},
{"nome": "Notebook Asus Vivobook 15 X1504za Intel Core I5 1235u 16gb Ram 512gb Ssd Linux Keepos Tela 15,60 Fhd Quiet Blue - Nj931"},
{"nome": "Notebook ASUS Vivobook X1502ZA Intel Core i5 12450H 8GB Ram 512GB SSD Linux Tela 15,6\" FHD Blue  EJ1756"},
{"nome": "Pc Gamer Fácil Ryzen 7 5700g Vega 8 Ssd 480gb 16gb Ddr4 500w"},
{"nome": "Notebook VAIO FE15 Intel Core i3 11ª 8GB 256GB 15'' FHD W11"},
{"nome": "Tablet Samsung Galaxy Tab A9 Enterprise Edition Android 8.7 Cor Cinza"},
{"nome": "Nobreak Ts Shara Ups Mini 700va 4541 Ent Biv Sai 115"},
{"nome": "Monitor LG Ultrawide Curvo 34 Wqhd Hdr10 100hz 34wr50qc-b Cor Preto 110v/220v"},
{"nome": "Impressora Termica I8 Full Similar I9 Rede E Usb"},
{"nome": "Projetor 4k Android Hy320 Cpu H713 Wifi 390ansi Atualização "},
{"nome": "Computador Fácil Amd Ryzen 3 3200g  Vega 8 16gb Ssd 240gb"},
{"nome": "Gabinete Gamer Hayom Gb1711 Rgb Frontal Lateral Em Acrílico Cor Preto"},
{"nome": "Fonte Mancer Thunder 500w Bronze 80 Plus, Mcr-thr500-bl01 Cor Preto 100V/240V"},
{"nome": "Notebook Gamer Dell G15-i1300-a20p I5 8gb 512gb 15.6'' W11"},
{"nome": "Logitech G  G Series G502 Hero 910 005550 Preto Logitech Hero G502 Lightsync"},
{"nome": "Notebook ASUS Vivobook 16 I7 16GB 256GB 16\" W11 X1605ZA-MB312W"},
{"nome": "Mouse Sem Fio Mo212 Usb 2.4 Ghz 1200 Dpi Preto Multilaser"},
{"nome": "Mousepad Desk Pad Extra Grande Eddias Office 90x40 Cor Preto"},
{"nome": "Notebook Master N4340 preto 8GB de Ram - 256GB SSD - Intel Core i3"},
{"nome": "Mini Projetor Portátil 4k Android Full Hd Smart Wifi Cinema"},
{"nome": "Pc Gamer Completo Intel I5 3ª 16gb Rx 550 4gb Ssd 240gb"},
{"nome": "Pc Gamer Fácil Ryzen 5 5600g Vega 7 Ssd 960gb 16gb Ddr4 500w"},
{"nome": "Disco sólido interno UP Gamer UP500 480GB preto"},
{"nome": "Tablet Samsung Galaxy Tab S6 Lite (2024), 64gb 4gb Ram 4g Cor Cinza"},
{"nome": "Multifuncional Brother Mfc-l5912dw Laser Mono Usb Wifi Rede 110V Duplex Branco"},
{"nome": "Caixa Cabo Rede Soho Plus Cat6 Cmx Utp 305 Metros Furukawa Cor Vermelho"},
{"nome": "Computador Pc Slim Branco I7 16gb Ram Ssd 960gb Tela 23 Wifi"},
{"nome": "Off Paper A4 fotográfico de  250 folhas de 180g branco de 50 unidades por  kit"},
{"nome": "Notebook Acer Aspire 5 Intel Core I5  12450H 8gb RAM 256GB SSD Windows 11 Home,Tela 15,6\" A515-57-53Z5"},
{"nome": "Nobreak Ts Shara Ups Mini 700va 4541 Ent Biv Sai 115"},
{"nome": "Notebook Lenovo Ideapad 1 Intel Core I3 1215U 8GB RAM 256GB SSD Windows 11 Home Tela 15,6\" 82VY000SBR"},
{"nome": "Notebook Acer Aspire 5 A515-57-57t3 - I5 - 8gb - Ssd 512gb"},
{"nome": "Teclado Gamer Semi Mecânico Led Rgb Abnt2 Usb Pc Ps4 Xbox"},
{"nome": "Nobreak Ts Shara Ups Mini 600va Bivolt Cor Preto"},
{"nome": "Projetor Android 11 4k Dual Wifi6 200 Bt5.0 1080p Cor Branco"},
{"nome": "Notebook Ideapad 1i I5 12gb 512gb Linux 15.6  82vys00900"},
{"nome": "Impressora Etiqueta Elgin L42 Pro Full Usb Ethernet Serial"},
{"nome": "Monitor gamer AOC 24G2SE LCD TFT 23.8\" preto e vermelho 100V/240V"},
{"nome": "Impressora Multifuncional Hp Deskjet Ink Advantage 2874 Wifi"},
{"nome": "Notebook Acer Nitro 5 An515-58-58w3 - I5 - Rtx 3050"},
{"nome": "Placa De Vídeo Pcyes Radeon Rx 550 4gb Gddr5 Hdmi/dp/dvi"},
{"nome": "Notebook ASUS Vivobook 16 I7 16GB 256GB 16\" W11 X1605ZA-MB312W"},
{"nome": "Computador Fácil Intel I5 12400 12ª 16gb Ddr4 Ssd 480gb"},
{"nome": "Laptop Hp 640 G2 Core I5 6300u 8gb En Ram 512 Gb Ssd M.2 cor preta"},
{"nome": "Impressora Térmica Epson Tm-t20x Ethernet (rede)"},
{"nome": "Kit Processador Intel I5 + Placa H61 1155 + 8gb Ddr3 1600mhz"},
{"nome": "Monitor AOC Serie 70 E2270SWHEN led 21.5\" preto 100V/240V"},
{"nome": "Notebook Acer Aspire 3 A315-24p-r611 - Ryzen 5 7520u - 8gb"},
{"nome": "Computador Fácil Intel I5 12400 12ª 16gb Ddr4 Ssd 240gb"},
{"nome": "Fone De Ouvido Headset Gamer Rgb Led Pc Computador Vídeogame"},
{"nome": "Notebook Acer Aspire 5 A515-57-53z5 I5 W11 8gb 256gb 15.6"},
{"nome": "Novo Projetor Hy350 Magic Android 11.0 Wireless 13000 Lumens"},
{"nome": "Kit 4 Refil Brother Btd60bk Bt5001 Cmyk Original Mfc-t810w"},
{"nome": "Notebook Lenovo Yoga Slim 6i Intel Evo Core I5 1240P 16gb 512gb SSD Windows 11 Home Tela 14\" Cor Storm grey  83C70000BR"},
{"nome": "Roteador Huawei Ax2s Ws7000 Wi-fi 6 Ax1500 Cor Branco"},
{"nome": "Notebook Samsung Book2 I5 1235u 8gb 256gb 15,6  W11 Np550xed"},
{"nome": "Repetidor Amplificador Extensor De Sinal 600mbps Barato"},
{"nome": "Mousepad Gamer Abstract Liquid Todos Tamanhos Profissional"},
{"nome": "Hamster Iii Leitor Biométrico Identificação Digital Nitgen"},
{"nome": "Pc Gamer Acer Predator I7 11700 16gb 1tb M.2 Rtx3070 8gb W11"},
{"nome": "Notebook ProBook 440 G5 14\" prata 8GB de Ram - 500GB HDD - Intel Core i5"},
{"nome": "Impressora Etiqueta Elgin L42 Pro Usb Zebra Zpl Sigep Envios"},
{"nome": "Computador Fácil Amd Ryzen 5 5600g Vega 7 16gb Ssd 240gb"},
{"nome": "Computador Intel I7 16gb Ssd 1tb Monitor 19 - Completo "},
{"nome": "Mouse Sem Fio Mo212 Usb 2.4 Ghz 1200 Dpi Preto Multilaser"},
{"nome": "Toner Compativel Hp 105a 107a 107w 135a 135w W1105a Com Chip"},
{"nome": "Pc Gamer Fácil Ryzen 7 5700g Vega 8 Ssd 480gb 16gb Ddr4 500w"},
{"nome": "Pc Gamer Fácil Ryzen 5 5600g Vega 7 Ssd 480gb 16gb Ddr4 500w"},
{"nome": "Computador Fácil Intel Core I3 10100f 8gb Ddr4 Ssd 240gb"},
{"nome": "Impressora De Etiquetas Elgin L42 Pro Full Ethernet Em 12x"},
{"nome": "Notebook Dell Core I5 Latitude Ddr4 16gb Ssd 256gb"},
{"nome": "Impressora Elgin Pantum  M6550NW  Multifuncional A Laser Com Wifi Preto 110V"},
{"nome": "Tablet Positivo Twist Tab Kids Spidey+ 2gb 64gb 7 2mp Capa Cor Preto"},
{"nome": "Cadeira Gamer Giratória Nsx Reclinável Estofado Amarelo"},
{"nome": "Computador de mesa Fácil Computadores Gabinete Gamer Black 480 GB com processador AMD Ryzen 5"},
{"nome": "Notebook Lenovo Ideapad Intel Celeron - N4020, 4GB RAM, 128SSD, Windows 11 Home C/office, Tela Led 15,6\", Cor Cinza - 82VX0001BR"},
{"nome": "Mini Projetor Portátil 4k Android Full Hd Smart Wifi Cinema"},
{"nome": "Kit 24 Un Ribbon Cera 110x74 Armor Inkanto Argox Zebra Elgin Cor Da Tinta Preto"},
{"nome": "Cabo De Rede Furukawa Cat 5e Caixa 305m Cmx Soho Plus Azul"},
{"nome": "Computador I7 16gb Ssd 1tb 600w Completo 10 Pro Monitor 20"},
{"nome": "Impressora Etiqueta Elgin L42 Pro Usb Zebra Zpl Sigep Envios"},
{"nome": "Pc Gamer Completo  I7 3.4ghz 16gb Ssd 480gb 500w Monitor 19"},
{"nome": "Mini Impressora Térmica Bluetooth Cupom Pedido Ifood Qr Code"},
{"nome": "Impressora Hp Smart Tank 754 Tanque De Tinta Colorida Bivolt"},
{"nome": "Kit 10 Teclado Básico Preto Usb Multilaser Tc193 Atacado"},
{"nome": "Mouse Logitech Sem Fio M170 Rc/nano C/pilha - Original C/nf"},
{"nome": "Impressora De Etiquetas Argox Os-214ex Com Ethernet Conexão Cor Cinza"},
{"nome": "Capa Giratória P/ Tablet Lenovo Tab M9 9+ Película De Vidro"},
{"nome": "Notebook Samsung Book2 Np550xed-kf2br I5 8gb 256ssd 15.6 W11"},
{"nome": "Notebook Acer Aspire 5 Intel Core I3 Linux 4gb 256gb Sdd 14"},
{"nome": "Cabo De Rede Cat5 30 Metros Ethernet Lan Giga Rj45"},
{"nome": "Impressora Não Fiscal Térmica 80mm Usb Rede Com Guilhotina"},
{"nome": "Adaptador Receptor Bluetooth 5.1 Para Até 7 Dispositivos"},
{"nome": "10 Rolos Etiqueta 10x15 100x150 Térmica Serrilha Zebra Elgin"},
{"nome": "Pc Gamer Cpu Computador, Core I5, 16gb, Ssd 240gb, Video 1gb"},
{"nome": "Estabilizador Ts Shara Powerest 500va E.bivolt S.115v 4t"},
{"nome": "Tablet Samsung Galaxy Tab S6 Lite (2024) 64gb 4gb Ram Wifi Cor Rosa"},
{"nome": "Teclado Abnt2/magic Keyboard Bluetooth Touch iPad Air 4/5/6"},
{"nome": "Controle joystick sem fio Sony PlayStation DualSense CFI-ZCT1W white e black"},
{"nome": "Pc Gamer Completo Intel I5 3ª 16gb Rx 550 4gb Ssd 240gb"},
{"nome": "Projetor Bettdow X2 Wifi Suporta 8k 1080p 12000 Lm Android"},
{"nome": "Kit Impressora Etiqueta Elgin L42 Pro + Leitor Usb Flash"},
{"nome": "Notebook Vaio Fe15 Amd Ryzen 7-5700u Windows 11 Home 32gb Ram 512gb Ssd 15,6'' Full Hd Tela Antirreflexo - Prata Titânio"},
{"nome": "Cx 12 Un Ribbon Cera Importado 110x74 | Argox Zebra Elgin"},
{"nome": "Computador Fácil Intel Core I5 8gb Ssd 480gb"},
{"nome": "Impressora Epson Tm-t20x Ethernet Rede eps01 Cor Preto 110V/220V"},
{"nome": "Teclado Basico Slim Preto Usb Multilaser Tc193"},
{"nome": "Monitor Gamer LG 19.5'' Hd Led 60hz Vga Hdmi 20mk400h-b"},
{"nome": "Computador Fácil Intel Core I5 8gb Ssd 240gb"},
{"nome": "Cartucho De Tinta Hp 664 Preto Advantage Original"},
{"nome": "Monitor gamer LG UltraWide 34WP550 LCD 34\" preto 100V/240V"},
{"nome": "Kit Upgrade I5 3470 + Placa Mãe + Cooler + 16gb + Ssd 480gb Cor Preto"},
{"nome": "Impressora Térmica Não Fiscal Com Guilhotina Mp4200th Bematech Preto"},
{"nome": "Tablet Tela 10,1  Android 13 64gb 3gb Ram Tcl Tab 10l Gen 2 Wi-fi Bluetooth Preto"},
{"nome": "Luminária LED Baseus Para Monitor Ajustável USB 3 Modos de Iluminção Reguláveis Cor Preta"},
{"nome": "Teclado Capa Para Samsung Tablet S7/s8/s9+ Fe Bluetooth Slim"},
{"nome": "Notebook Vaio Fe15 Ryzen 7 Linux 32gb 512 Ssd Prata Titânio"},
{"nome": "Estabilizador Ts Shara Powerest Home 1000 Bivolt 1000va 9007 Cor Preto"},
{"nome": "Computador Fácil Intel I5 12400 12ª 16gb Ddr4 Ssd 480gb"},
{"nome": "Notebook Lenovo Ideapad 1 Intel Core I3 1215U 8GB RAM 256GB SSD Windows 11 Home Tela 15,6\" 82VY000SBR"},
{"nome": "Roteador Wi-fi 6 Gigabit Dual Band Ax53 Tp-link Bivolt Cor Preto 110V/220V"},
{"nome": "Notebook VAIO FE15 Intel Core i5 1135G7 Linux 16GB 512GB SSD 15” Full Hd – Cinza Grafite"},
{"nome": "Multifuncional Brother Dcp-1602 Laser Monocromática Usb 110V Preto"},
{"nome": "Leitor De Código De Barras Flash 2 1d Usb Elgin Cor Preto"},
{"nome": "Switch 5 Portas Hub Para Internet Lan Rede Fast Rj45 C/ Nota"},
{"nome": "Impressora Jato De Tinta Oj 200 Mobile Portatil 22ppm Wifi Cor Preto Voltagem Bivolts"},
{"nome": "Teclado Multilaser Slim Usb Preto Tc213"},
{"nome": "Nobreak Ts Shara Ups Mini 600va Bivolt Cor Preto"},
{"nome": "Teclado Gamer Semi Mecânico Led Rgb Abnt2 Usb Pc Ps4 Xbox"},
{"nome": "Mousepad Ergonômico Confort Nr17 Neoprene Reliza Cor Outro Desenho impresso Preto"},
{"nome": "Adaptador Bluetooth 5.1 Usb Dongle Original P/ Pc Notebook"},
{"nome": "Impressora 3d Fdm Creality K1 Fechada + Câmera De Brinde. "},
{"nome": "Nobreak Intelbras Attiv 600va-bi Cor Preto"},
{"nome": "Pc Completo Fácil Amd Ryzen 5 5600g Vega 7 16gb Ssd 480gb"},
{"nome": "HD SSD240GB Adata 3 2.5 SU650 ASU650SS-240GT-R 240GB preto"},
{"nome": "Leitor De Código De Barras Elgin El8600 Usb 2d 5v Preto"},
{"nome": "Cabo De Rede Cat6 1.5m Azul Ultra Velocidade 1,5 Metros Rj45"},
{"nome": "Fonte 800w Cooler Master G800 80 Plus Gold Pfc Ativo Cor Preto"},
{"nome": "Pc Gamer Bluepc Intel I5 12400f 16gb Rtx 4060 8gb Ssd 480gb"},
{"nome": "Mouse Gamer Para Jogo 3.200 Dpi Óptico Com Led Rgb Usb Exbom"},
{"nome": "Cadeira de escritório Fox Online RGB gamer ergonômica  preta com estofado de couro sintético"},
{"nome": "Monitor AOC Agon AG323FCXE 31.5\" Curvo Full HD Preto 100V/240V"},
{"nome": "Impressora Epson Tm-T20x preta 110V/220V C31CH26031"},
{"nome": "Impressora Canon Pixma G5010 Wi-fi - Preto 110v/220v"},
{"nome": "Controles Joy Con Nintendo Switch L/r Verde E Roxo Pastel"},
{"nome": "HAVIT Fone de Ouvido Headset Gamer FUXI-H3 Quad-Mode (com fio e sem fio, Wireless 2,4GHz, Bluetooth, Cabo USB-C, Cabo Auxiliar 3.5mm). Surround, Baixa Latência - Branco"},
{"nome": "Monitor LG Ultrawide Curvo 34 Wqhd Hdr10 100hz 34wr50qc-b Cor Preto 110v/220v"},
{"nome": "Mousepad Desk Pad Extra Grande Eddias Office 90x40 Cor Preto"},
{"nome": "Nobreak Sms Tech 800va 29302 Entrada Bivolt E Saída 115v Cor Preto"},
{"nome": "Nobreak Ts Shara Ups Xpro Senoidal 1800va Universal Bivolt Cor Preto"},
{"nome": "Impressora Hp Smart Tank 584 Tanque De Tinta Colorida Bivolt"},
{"nome": "Projetor Bettdow S2 Wifi Suporta 4k 1080p 8000lm Smart Tvbox"},
{"nome": "Projetor Portátil 4k Hd Android Smart Wifi Bluetooth Espelha"},
{"nome": "Computador Fácil Intel Core I5 (6ª Geração) 8gb Ssd 240gb"},
{"nome": "Kit Placa Mãe Gamer Lga1155 B75 M2 + I5 3470 + 8gb + Gigalan"},
{"nome": "Impressora Epson Multifuncional Monocromática Ecotank M2170 Cor Branco/Preto 100V/240V"},
{"nome": "Notebook Positivo Master Dual Core 4gb Ram 500gb Promoção"},
{"nome": "Projetor Portatil Tv Android/ios 1080p 4k Wifi Foco Controle"},
{"nome": "Kit Upgrade  I5 4570 + Placa H81 1150 + 8gb Ddr3"},
{"nome": "Pc Completo Fácil Intel I5 08gb Ssd 240gb + Monitor Led 15''"},
{"nome": "Nobreak 1200va E S 220v Camera Cftv Tv Pc Seguranca Xbox Pc "},
{"nome": "Base Suporte Ergonômico P/ Notebook,netbook, Tablet Dobravel"},
{"nome": "Toner Compatível Hp 105a W1105a Com Chip 107a 107w 135a M13"},
{"nome": " Cpu Pc  Torre Core I5 3470 3.20ghz 8gb Ssd 240gb Com Nf"},
{"nome": " Kit 10 Pen Drive 8gb Multilaser Twist Pd587 2.0 Atacado"},
{"nome": "Nobreak Interativo Bivolt Intelbras Xnb 720va Bi Cor Preto"},
{"nome": "Impressora Não Fiscal Térmica 80mm Usb Rede Com Guilhotina"},
{"nome": "Pc Gamer Cpu Completo I5 16gb, Ssd 240gb, Placa Vídeo 4gb"},
{"nome": "Nobreak Sms Tech 1200va Bivolt/115v Senoidal 8 Tomadas Preto"},
{"nome": "Impressora Brother Hl-l6412dw Laser Monocramática Wifi Duplex 127v"},
{"nome": "Cpu Gamer Completa Core I7 16gb Ssd 480gb Vga 2gb Monitor 19"},
{"nome": "Pc Gamer Bluepc Amd Ryzen 5 8600g 16gb Ddr5 Ssd 480gb 500w"},
{"nome": "45 Bobina Etiqueta Térmica 40x40 Balança Toledo Prix4 Uno"},
{"nome": "Case Ssd M.2 Nvme E Sata Para Usb 3.1 E Type-c"},
{"nome": "Filamento Petg Preto 1kg - 1.75mm Voolt"},
{"nome": "Kit 4 Cartuchos De Tinta 712 C/preto 38ml Hp T210 T250 T650"},
{"nome": "Caixa 10 Pacotes Resmas Papel A4 Sulfite Chamex 5000 Folhas Cor Branco"},
{"nome": "Leitor Código De Barras S/fio Wireless Laser Boleto Ean Danf"},
{"nome": "Nobreak Ts Shara Ups Mini 700va 4541 Ent Biv Sai 115"},
{"nome": "Computador Completo All In One I5 8gb Ssd 256gb Tela 21.5"},
{"nome": "All In One Intel Core I7 16gb Ssd 512gb 21,5 Strong Tech"},
{"nome": "Computador Completo I5 3º G 16gb Hd Ssd 240gb Monitor Hdmi"},
{"nome": "Notebook Samsung Galaxy Book Go NP340XLA-K06BR Snapdragon 4GB 128GB SSD UFS Windows 11 Home"},
{"nome": "Pc Gamer Fácil Ryzen 7 5700g Vega 8 Ssd 480gb 16gb Ddr4 500w"},
{"nome": "Notebook Gamer Acer Predator Triton PT316-51S-78V9 Core i7 12700H, RTX3060 com 6GB, Memória 16GB Ram, 1TB SSD, Tela 16\" 240Hz WQXGA, W11"},
{"nome": "Cadeira Gamer Pctop Racer 1006 gamer ergonômica preta e vermelha com estofado de couro sintético"},
{"nome": "Switch 5 Portas Gigabit Não Gerenciável Ls1005g Tp-link"},
{"nome": "Tablet Samsung Galaxy Tab A9+ 5g 64gb 4gb Ram Grafite"},
{"nome": "Notebook Lenovo Ideapad 3i Celeron 4gb 128gb Ssd W11 15.6 Cor Prateado"},
{"nome": "Notebook Dell Inspiron I15-i120k-a45p I7 16gb 512gb 15.6 W11 Cor Preto"},
{"nome": "Pc Gamer Bluepc Intel I5 12400f 16gb Rtx 4060 8gb Ssd 480gb"},
{"nome": "Nobreak 1200va Bivolt 7a Ups Compact Xpro Preto Ts Shara"},
{"nome": "Notebook Acer Aspire 5 Intel Core I5 - 12450H, 8GB RAM, 256GB SSD, Windows 11 Home, Tela 15,6\" Full HD - A515-57-55B8"},
{"nome": "Notebook Gamer Dell G15-i1300-a50p I7 16gb 512gb 15.6'' W11"},
{"nome": "Impressora multifuncional cor Canon Pixma G3110 110V/220V"},
{"nome": "Projetor Epson Powerlite E20 Xga 3400 Lumens Cor Branco 110V/220V"},
{"nome": "Disco sólido interno SSD PUSKILL 480gb Sata 3 2.5 6gb/s PSK-19SSD6G-480GB Preto"},
{"nome": "Notebook Dell Inspiron I15-i120k-a20p 15.6 I5 8gb 256gb W11"},
{"nome": "Capa Silicone Para Galaxy Tab A9+ Plus X210/215 + Película"},
{"nome": "Notebook Acer A514-54-385s I3 4gb 256gb Ssd 14'' W11"},
{"nome": "Pc Cpu Gamer Intel I5 3470 3.20ghz 16gb Ssd 240gb"},
{"nome": "Monitor Gamer Samsung T350 27” FHD, Tela Plana, 75Hz, 5ms, HDMI, FreeSync, Game Mode"},
{"nome": "Monitor Gamer Mancer Valak Z180h, 24, Va, Curvo, Fhd, 180hz, Free/G-sync Cor Preto 110V/220V"},
{"nome": "Pc Gamer Bluepc Amd Ryzen 5 5600gt 16gb Ssd 480gb 500w"},
{"nome": "Notebook Positivo Master Pentium® N5030 4gb 128gb W11 14'' Cor Cinza"},
{"nome": "Impressora multifuncional monocromática HP LaserJet Pro 135W 110V - 127V"},
{"nome": "Suporte 2 Monitor Tv Aço Mesa Articulad Vesa Ajuste Promoção"},
{"nome": "Nobreak Sms Lite 1200bi 115v 0029205"},
{"nome": "Pc Gamer Fácil Ryzen 5 5600g Vega 7 Ssd 480gb 16gb Ddr4 500w"},
{"nome": "Impressora Térmica Cupom Elgin Bematech I9 Full Rede E Usb"},
{"nome": "Notebook Asus Vivobook Go 15 E1504fa Amd Ryzen 5 7520u 8gb Ram 256gb Ssd Linux Keepos 15,60  Fhd Mixed Black - Nj731"},
{"nome": "Monitor Duex 31.5 Dx315xf Ips Led Full Hd 75hz 8ms 110/220v"},
{"nome": "Impressora Multifuncional Hp 4103fdw Laserjet Pro Mono 110v Cor Branco"},
{"nome": "Impressora Multifuncional Hp Mfp 135w Laser Mono Wi-fi 110v"},
{"nome": "Monitor Série V8 W-led 27'' Full Hd Ips Hdmi 272v8a Philips Cor Preto 110V/220V"},
{"nome": "Kit 24 Un Ribbon Cera 110x74 Armor Inkanto Argox Zebra Elgin Cor Da Tinta Preto"},
{"nome": "Monitor Prizi PZ0017HDMI led 17\" preto 100V/240V"},
{"nome": "Placa Mãe Asrock H310cm-hg4 Ddr4 Lga 1151 8ª E 9ª Geração Cor Preto"},
{"nome": "Ponto De Acesso Wireless N Porta Única Eap225 Tp-link Cor Branco 110V/220V"},
{"nome": "Impressora HP 2G9Q2A Multifuncional Smart Tank 724 Jato de Tinta Térmico Colorida USB 2.0 Wi-Fi Bluetooth LE- Bivolt"},
{"nome": " Projetor Hy320 Smart Tv Cpuh713 Wifi6 4k 390ansi Android 13"},
{"nome": "Estabilizador Ts Shara Powerest Home 1000 Bivolt 1000va 9007 Cor Preto"},
{"nome": "Teclado Multilaser Slim Usb Preto Tc213"},
{"nome": "Monitor AOC Serie 70 M2470SWH2 led 23.6\" preto 100V/240V"},
{"nome": "5 Rolos Etiqueta 10x15 100x150 Térmica Zebra Greycom 180 Etiquetas"},
{"nome": "Monitor Led 19.5 20mk400h-b Ajuste De Inclinação Hdmi Vga LG Cor Preto 110V/220V"},
{"nome": "Cadeira de escritório TGT Heron RGB TGT-HR-RGB gamer ergonômica  preta com estofado de couro sintético"},
{"nome": " Pc Gamer Intel I5 8gb Hd 500gb + Monitor 19 + Kit Gamer"},
{"nome": "Notebook Dell Inspiron I15-i120k-a20pf I5 8gb 256gb W11 365"},
{"nome": "Notebook ProBook 640 G2 14\" preto 8GB de Ram - 256GB SSD - Intel Core i5"},
{"nome": "Notebook Vision C14 cinza 8GB de Ram - 240GB SSD - Intel Celeron"},
{"nome": "Notebook Dell Inspiron I15-i120k-a35p I5 16gb 1tb 15.6 W11"},
{"nome": "Novo Projetor Android Hy300 Versão 2.0 4k Full Hd Bluetooth"},
{"nome": "Computador Fácil Intel Core I5 3ª 8gb Ssd 240gb"},
{"nome": "Cabo De Rede 20 Metros Lan Internet Crimpado Rj45 Cat6 Azul"},
{"nome": "Combo Teclado E Mouse Sem Fio Multilaser Slim Usb - Tc212 Cor do mouse Preto"},
{"nome": "Computador Fácil Intel Core I5 8gb Ssd 480gb"},
{"nome": "Computador Fácil Amd Ryzen 5 5600g Vega 7 16gb Ssd 240gb"},
{"nome": "Computador Fácil Intel Core I3 8gb Ssd 240gb"},
{"nome": "Impressora Térmica Zt231 Da Zebra Ethernet Usb Bluetooth"},
{"nome": "Notebook Lenovo Yoga Slim 6i 14  I7 16gb 512gb Iris® Xe W11"},
{"nome": "Monitor Gamer LG 32UN500 LED 31.5\" Branco 100V/240V 4K FreeSync 60Hz"},
{"nome": "Kit Fibra Optica Para Conectorização De Fibra Óptica"},
{"nome": "Switch Rack Tp-link Sg1048 48 Portas Gigabit 10/100/1000mbps"},
{"nome": "Cadeira de escritório Fox Online RGB gamer ergonômica  preta com estofado de couro sintético"},
{"nome": "Impressora De Etiquetas Elgin L42 Pro Full Ethernet Em 12x"},
{"nome": "Mousepad Gamer Abstract Liquid Todos Tamanhos Profissional"},
{"nome": "Suporte Notebook Base Led Refrigerada Ventilação Silenciosa Cor Preto"},
{"nome": "Mouse Pad Gamer Borda Led Rgb Grande 80x30cm Com Vários Efeitos Usb - Titorion"},
{"nome": "Nobreak 600va Sms Entrada E Saída 110v Lite 600s 115 29200"},
{"nome": "Pc Fácil Intel Core I9 10900f 16gb Ddr4 Ssd 960gb"},
{"nome": "200 Folhas Papel Foto Matte 180g Fosco Prova D`agua A4 Jojo Cor Branco"},
{"nome": "Pc Gamer Fácil Intel Core I5 3ª 8gb Rx 550 4gb Ssd 240gb"},
{"nome": "Acer Aspire 5 15.6 Fhd I7-12650h Ssd 256gb 8gb Linux Gutta Cor Gamut"},
{"nome": "Mouse Para Pc Óptico Usb 1200dpi Atacado/revenda Kit Com 10"},
{"nome": "Projetor 3400 Lumens Xga/hdmi/usb Powerlite E20 Epson"},
{"nome": "Cabo De Rede Furukawa Cat6 Soho Plus Caixa 305m Cmx Azul"},
{"nome": "Notebook Dell Vostro 5490 I7 10ª 16gb 256gb +500g Gpu Nvidia"},
{"nome": "Monitor Gamer Aw2523hf 25'' 1ms 360hz Alienware Bivolt"},
{"nome": "Notebook Vaio Fe15 Amd Ryzen 5-5500u Linux 16gb 512gb Ssd Prata Titânio"},
{"nome": "Notebook ASUS Vivobook 15 X1504ZA Intel Core i5 1235U 8GB Ram 512GB SSD Windows 11 Tela 15,6\" FHD Blue - NJ987W"},
{"nome": "Notebook Vaio® Fe15 Intel® Core I5-1135g7 Linux 512gb Ssd"},
{"nome": "Load Balance Vpn Gigabit Router Tp-link Omada Er605 Tl-r605"},
{"nome": "Samsung Galaxy Tab S9 Fe+5g 128gb 8gb Ram Tela 12.4 Cor Lavanda"},
{"nome": "Combo Teclado E Mouse Sem Fio Multilaser Usb 2.4 Ghz - Tc183 Cor do mouse Preto"},
{"nome": " Caneta Stylus Com Palm Rejection iPad 9 Geração 10.2 2021"},
{"nome": "Placa Mãe Gigabyte H510m K V2 Chipset H510 Intel Lga 1200"},
{"nome": "Notebook ASUS Vivobook X1502ZA-BQ1758W Intel Core i5 12450H 2 GHz 8Gb Ram 256Gb SSD Windows 11 Home 15,60” LED Full HD Intel UHD Graphics Prata"},
{"nome": "Dock Station P/ 2 Hd Usb 3.0 Sata 2,5'' E 3,5' E-sata"},
{"nome": "Pc Computador Cpu Intel I5 + Ssd 240gb, 16gb Memória Ram-top"},
{"nome": "Cartucho HP 664 Colorido(F6V28AB) Para Ink Advantage 1015, 4645, 2645, 1515, 2515, 3515, 3545, 2545"},
{"nome": "Kit Amplimax Fit Elsys Link 4g + Roteador + Cabo De Rede 10m"},
{"nome": "Pc Gamer Fácil Intel Core I7 4ª 16gb Gtx 1650 4gb Ssd 480gb"},
{"nome": "Mouse Sem Fio Bluetooth Wireless Recarregável Ergonômico  "},
{"nome": "Mini Impressora Térmica Portátil Sem Fio Bt 200dpi Escolar  "},
{"nome": "Mini Projetor Android11 Smart Hy320 4k Portátil Tv Celular"},
{"nome": "Papel Sulfite Branco A4 75g Premium Pacote Com 500 Fls Executive Office"},
{"nome": "Computador Fácil Intel Core I5 3ª Geração 16gb Ssd 480gb"},
{"nome": "Gravador Cd/dvd Externo Usb 3.0 Slim Mac Note Ultrabook Pc"},
{"nome": "Caixa Som Caixinha Pc Computador Notebook Potente Led Rgb P2"},
{"nome": "Cadeira Gamer War Série Aodrova Em Tecido Suede Respirável"},
{"nome": "Base Notebook Regulável Refrigerada 15,6 Nbc-50bk C3tech Cor Cinza-escuro Cor do LED Azul"},
{"nome": "Fonte 850w 80 Plus Gold Full Modular Gx2 Cooler Master Gxii"},
{"nome": "Computador Fácil Intel Core I3 10100f 8gb Ddr4 Ssd 120gb"},
{"nome": "Multifuncional Brother Dcp 1617nw Dcp1617nw 1617w Dcp-1617nw Cor Preto 110V 120V"},
{"nome": "Notebook V14 I3 8gb 256gb W11 Home 14 Hd 82ul001abr Preto"},
{"nome": "Tablet Tela 11  Android 13 128gb 4gb Ram Tcl Nxtpaper 11 Wi-fi Bluetooth Cinza"}
]